"","id","date","tavg"
"1","RSM00034730",1997-01-01,-66
"2","RSM00034730",1997-01-02,-97
"3","RSM00034730",1997-01-03,-137
"4","RSM00034730",1997-01-04,-184
"5","RSM00034730",1997-01-05,-140
"6","RSM00034730",1997-01-06,-63
"7","RSM00034730",1997-01-07,-111
"8","RSM00034730",1997-01-08,-157
"9","RSM00034730",1997-01-09,-141
"10","RSM00034730",1997-01-10,-76
"11","RSM00034730",1997-01-11,-37
"12","RSM00034730",1997-01-12,-108
"13","RSM00034730",1997-01-13,-114
"14","RSM00034730",1997-01-14,-126
"15","RSM00034730",1997-01-15,-20
"16","RSM00034730",1997-01-16,-25
"17","RSM00034730",1997-01-17,4
"18","RSM00034730",1997-01-18,-26
"19","RSM00034730",1997-01-19,-1
"20","RSM00034730",1997-01-20,-2
"21","RSM00034730",1997-01-21,-20
"22","RSM00034730",1997-01-22,-8
"23","RSM00034730",1997-01-23,-25
"24","RSM00034730",1997-01-24,5
"25","RSM00034730",1997-01-25,0
"26","RSM00034730",1997-01-26,-71
"27","RSM00034730",1997-01-27,-109
"28","RSM00034730",1997-01-28,-96
"29","RSM00034730",1997-01-29,-37
"30","RSM00034730",1997-01-30,-102
"31","RSM00034730",1997-01-31,-115
"32","RSM00034730",1997-02-01,-23
"33","RSM00034730",1997-02-02,-65
"34","RSM00034730",1997-02-03,-140
"35","RSM00034730",1997-02-04,-131
"36","RSM00034730",1997-02-05,-148
"37","RSM00034730",1997-02-06,-118
"38","RSM00034730",1997-02-07,-24
"39","RSM00034730",1997-02-08,-48
"40","RSM00034730",1997-02-09,-3
"41","RSM00034730",1997-02-10,-2
"42","RSM00034730",1997-02-11,4
"43","RSM00034730",1997-02-12,16
"44","RSM00034730",1997-02-13,12
"45","RSM00034730",1997-02-14,39
"46","RSM00034730",1997-02-15,39
"47","RSM00034730",1997-02-16,30
"48","RSM00034730",1997-02-17,8
"49","RSM00034730",1997-02-18,-77
"50","RSM00034730",1997-02-19,-105
"51","RSM00034730",1997-02-20,-141
"52","RSM00034730",1997-02-21,-95
"53","RSM00034730",1997-02-22,-35
"54","RSM00034730",1997-02-23,-5
"55","RSM00034730",1997-02-24,-16
"56","RSM00034730",1997-02-25,-15
"57","RSM00034730",1997-02-26,-22
"58","RSM00034730",1997-02-27,-2
"59","RSM00034730",1997-02-28,25
"60","RSM00034730",1997-03-01,16
"61","RSM00034730",1997-03-02,5
"62","RSM00034730",1997-03-03,25
"63","RSM00034730",1997-03-04,37
"64","RSM00034730",1997-03-05,15
"65","RSM00034730",1997-03-06,2
"66","RSM00034730",1997-03-07,2
"67","RSM00034730",1997-03-08,-7
"68","RSM00034730",1997-03-09,9
"69","RSM00034730",1997-03-10,9
"70","RSM00034730",1997-03-11,32
"71","RSM00034730",1997-03-12,38
"72","RSM00034730",1997-03-13,48
"73","RSM00034730",1997-03-14,34
"74","RSM00034730",1997-03-15,35
"75","RSM00034730",1997-03-16,49
"76","RSM00034730",1997-03-17,26
"77","RSM00034730",1997-03-18,-35
"78","RSM00034730",1997-03-19,-27
"79","RSM00034730",1997-03-20,-8
"80","RSM00034730",1997-03-21,18
"81","RSM00034730",1997-03-22,-29
"82","RSM00034730",1997-03-23,-9
"83","RSM00034730",1997-03-24,-5
"84","RSM00034730",1997-03-25,7
"85","RSM00034730",1997-03-26,0
"86","RSM00034730",1997-03-27,-29
"87","RSM00034730",1997-03-28,-19
"88","RSM00034730",1997-03-29,31
"89","RSM00034730",1997-03-30,52
"90","RSM00034730",1997-03-31,98
"91","RSM00034730",1997-04-01,101
"92","RSM00034730",1997-04-02,133
"93","RSM00034730",1997-04-03,135
"94","RSM00034730",1997-04-04,110
"95","RSM00034730",1997-04-05,98
"96","RSM00034730",1997-04-06,83
"97","RSM00034730",1997-04-07,62
"98","RSM00034730",1997-04-08,68
"99","RSM00034730",1997-04-09,36
"100","RSM00034730",1997-04-10,15
"101","RSM00034730",1997-04-11,22
"102","RSM00034730",1997-04-12,52
"103","RSM00034730",1997-04-13,47
"104","RSM00034730",1997-04-14,81
"105","RSM00034730",1997-04-15,82
"106","RSM00034730",1997-04-16,61
"107","RSM00034730",1997-04-17,95
"108","RSM00034730",1997-04-18,90
"109","RSM00034730",1997-04-19,57
"110","RSM00034730",1997-04-20,90
"111","RSM00034730",1997-04-21,94
"112","RSM00034730",1997-04-22,100
"113","RSM00034730",1997-04-23,116
"114","RSM00034730",1997-04-24,120
"115","RSM00034730",1997-04-25,85
"116","RSM00034730",1997-04-26,85
"117","RSM00034730",1997-04-27,97
"118","RSM00034730",1997-04-28,115
"119","RSM00034730",1997-04-29,103
"120","RSM00034730",1997-04-30,113
"121","RSM00034730",1997-05-01,158
"122","RSM00034730",1997-05-02,176
"123","RSM00034730",1997-05-03,152
"124","RSM00034730",1997-05-04,132
"125","RSM00034730",1997-05-05,102
"126","RSM00034730",1997-05-06,152
"127","RSM00034730",1997-05-07,193
"128","RSM00034730",1997-05-08,190
"129","RSM00034730",1997-05-09,208
"130","RSM00034730",1997-05-10,227
"131","RSM00034730",1997-05-11,233
"132","RSM00034730",1997-05-12,205
"133","RSM00034730",1997-05-13,197
"134","RSM00034730",1997-05-14,195
"135","RSM00034730",1997-05-15,203
"136","RSM00034730",1997-05-16,214
"137","RSM00034730",1997-05-17,220
"138","RSM00034730",1997-05-18,172
"139","RSM00034730",1997-05-19,163
"140","RSM00034730",1997-05-20,179
"141","RSM00034730",1997-05-21,192
"142","RSM00034730",1997-05-22,206
"143","RSM00034730",1997-05-23,214
"144","RSM00034730",1997-05-24,224
"145","RSM00034730",1997-05-25,196
"146","RSM00034730",1997-05-26,147
"147","RSM00034730",1997-05-27,127
"148","RSM00034730",1997-05-28,131
"149","RSM00034730",1997-05-29,113
"150","RSM00034730",1997-05-30,128
"151","RSM00034730",1997-05-31,155
"152","RSM00034730",1997-06-01,149
"153","RSM00034730",1997-06-02,157
"154","RSM00034730",1997-06-03,169
"155","RSM00034730",1997-06-04,172
"156","RSM00034730",1997-06-05,186
"157","RSM00034730",1997-06-06,179
"158","RSM00034730",1997-06-07,188
"159","RSM00034730",1997-06-08,215
"160","RSM00034730",1997-06-09,241
"161","RSM00034730",1997-06-10,245
"162","RSM00034730",1997-06-11,242
"163","RSM00034730",1997-06-12,251
"164","RSM00034730",1997-06-13,219
"165","RSM00034730",1997-06-14,223
"166","RSM00034730",1997-06-15,220
"167","RSM00034730",1997-06-16,207
"168","RSM00034730",1997-06-17,219
"169","RSM00034730",1997-06-18,205
"170","RSM00034730",1997-06-19,188
"171","RSM00034730",1997-06-20,170
"172","RSM00034730",1997-06-21,170
"173","RSM00034730",1997-06-22,193
"174","RSM00034730",1997-06-23,204
"175","RSM00034730",1997-06-24,217
"176","RSM00034730",1997-06-25,236
"177","RSM00034730",1997-06-26,239
"178","RSM00034730",1997-06-27,255
"179","RSM00034730",1997-06-28,270
"180","RSM00034730",1997-06-29,266
"181","RSM00034730",1997-06-30,269
"182","RSM00034730",1997-07-01,239
"183","RSM00034730",1997-07-02,248
"184","RSM00034730",1997-07-03,240
"185","RSM00034730",1997-07-04,237
"186","RSM00034730",1997-07-05,229
"187","RSM00034730",1997-07-06,233
"188","RSM00034730",1997-07-07,228
"189","RSM00034730",1997-07-08,233
"190","RSM00034730",1997-07-09,248
"191","RSM00034730",1997-07-10,210
"192","RSM00034730",1997-07-11,211
"193","RSM00034730",1997-07-12,212
"194","RSM00034730",1997-07-13,209
"195","RSM00034730",1997-07-14,204
"196","RSM00034730",1997-07-15,202
"197","RSM00034730",1997-07-16,181
"198","RSM00034730",1997-07-17,189
"199","RSM00034730",1997-07-18,188
"200","RSM00034730",1997-07-19,193
"201","RSM00034730",1997-07-20,214
"202","RSM00034730",1997-07-21,218
"203","RSM00034730",1997-07-22,207
"204","RSM00034730",1997-07-23,197
"205","RSM00034730",1997-07-24,191
"206","RSM00034730",1997-07-25,189
"207","RSM00034730",1997-07-26,200
"208","RSM00034730",1997-07-27,221
"209","RSM00034730",1997-07-28,253
"210","RSM00034730",1997-07-29,240
"211","RSM00034730",1997-07-30,209
"212","RSM00034730",1997-07-31,219
"213","RSM00034730",1997-08-01,236
"214","RSM00034730",1997-08-02,226
"215","RSM00034730",1997-08-03,217
"216","RSM00034730",1997-08-04,215
"217","RSM00034730",1997-08-05,213
"218","RSM00034730",1997-08-06,217
"219","RSM00034730",1997-08-07,210
"220","RSM00034730",1997-08-08,217
"221","RSM00034730",1997-08-09,192
"222","RSM00034730",1997-08-10,207
"223","RSM00034730",1997-08-11,209
"224","RSM00034730",1997-08-12,197
"225","RSM00034730",1997-08-13,188
"226","RSM00034730",1997-08-14,203
"227","RSM00034730",1997-08-15,192
"228","RSM00034730",1997-08-16,205
"229","RSM00034730",1997-08-17,174
"230","RSM00034730",1997-08-18,156
"231","RSM00034730",1997-08-19,159
"232","RSM00034730",1997-08-20,168
"233","RSM00034730",1997-08-21,182
"234","RSM00034730",1997-08-22,204
"235","RSM00034730",1997-08-23,210
"236","RSM00034730",1997-08-24,234
"237","RSM00034730",1997-08-25,240
"238","RSM00034730",1997-08-26,230
"239","RSM00034730",1997-08-27,196
"240","RSM00034730",1997-08-28,204
"241","RSM00034730",1997-08-29,218
"242","RSM00034730",1997-08-30,218
"243","RSM00034730",1997-08-31,222
"244","RSM00034730",1997-09-01,158
"245","RSM00034730",1997-09-02,122
"246","RSM00034730",1997-09-03,97
"247","RSM00034730",1997-09-04,83
"248","RSM00034730",1997-09-05,100
"249","RSM00034730",1997-09-06,108
"250","RSM00034730",1997-09-07,133
"251","RSM00034730",1997-09-08,139
"252","RSM00034730",1997-09-09,147
"253","RSM00034730",1997-09-10,165
"254","RSM00034730",1997-09-11,133
"255","RSM00034730",1997-09-12,123
"256","RSM00034730",1997-09-13,140
"257","RSM00034730",1997-09-14,147
"258","RSM00034730",1997-09-15,174
"259","RSM00034730",1997-09-16,162
"260","RSM00034730",1997-09-17,139
"261","RSM00034730",1997-09-18,131
"262","RSM00034730",1997-09-19,142
"263","RSM00034730",1997-09-20,165
"264","RSM00034730",1997-09-21,140
"265","RSM00034730",1997-09-22,111
"266","RSM00034730",1997-09-23,114
"267","RSM00034730",1997-09-24,118
"268","RSM00034730",1997-09-25,94
"269","RSM00034730",1997-09-26,61
"270","RSM00034730",1997-09-27,102
"271","RSM00034730",1997-09-28,125
"272","RSM00034730",1997-09-29,102
"273","RSM00034730",1997-09-30,93
"274","RSM00034730",1997-10-01,107
"275","RSM00034730",1997-10-02,101
"276","RSM00034730",1997-10-03,100
"277","RSM00034730",1997-10-04,111
"278","RSM00034730",1997-10-05,91
"279","RSM00034730",1997-10-06,109
"280","RSM00034730",1997-10-07,96
"281","RSM00034730",1997-10-08,126
"282","RSM00034730",1997-10-09,154
"283","RSM00034730",1997-10-10,152
"284","RSM00034730",1997-10-11,180
"285","RSM00034730",1997-10-12,172
"286","RSM00034730",1997-10-13,179
"287","RSM00034730",1997-10-14,161
"288","RSM00034730",1997-10-15,148
"289","RSM00034730",1997-10-16,176
"290","RSM00034730",1997-10-17,122
"291","RSM00034730",1997-10-18,81
"292","RSM00034730",1997-10-19,62
"293","RSM00034730",1997-10-20,68
"294","RSM00034730",1997-10-21,97
"295","RSM00034730",1997-10-22,95
"296","RSM00034730",1997-10-23,61
"297","RSM00034730",1997-10-24,90
"298","RSM00034730",1997-10-25,102
"299","RSM00034730",1997-10-26,21
"300","RSM00034730",1997-10-27,6
"301","RSM00034730",1997-10-28,13
"302","RSM00034730",1997-10-29,3
"303","RSM00034730",1997-10-30,-8
"304","RSM00034730",1997-10-31,4
"305","RSM00034730",1997-11-01,18
"306","RSM00034730",1997-11-02,21
"307","RSM00034730",1997-11-03,29
"308","RSM00034730",1997-11-04,57
"309","RSM00034730",1997-11-05,-18
"310","RSM00034730",1997-11-06,-33
"311","RSM00034730",1997-11-07,-18
"312","RSM00034730",1997-11-08,31
"313","RSM00034730",1997-11-09,56
"314","RSM00034730",1997-11-10,58
"315","RSM00034730",1997-11-11,23
"316","RSM00034730",1997-11-12,43
"317","RSM00034730",1997-11-13,40
"318","RSM00034730",1997-11-14,42
"319","RSM00034730",1997-11-15,25
"320","RSM00034730",1997-11-16,18
"321","RSM00034730",1997-11-17,2
"322","RSM00034730",1997-11-18,23
"323","RSM00034730",1997-11-19,35
"324","RSM00034730",1997-11-20,40
"325","RSM00034730",1997-11-21,36
"326","RSM00034730",1997-11-22,49
"327","RSM00034730",1997-11-23,26
"328","RSM00034730",1997-11-24,20
"329","RSM00034730",1997-11-25,-2
"330","RSM00034730",1997-11-26,16
"331","RSM00034730",1997-11-27,22
"332","RSM00034730",1997-11-28,25
"333","RSM00034730",1997-11-29,-12
"334","RSM00034730",1997-11-30,-28
"335","RSM00034730",1997-12-01,-18
"336","RSM00034730",1997-12-02,-21
"337","RSM00034730",1997-12-03,-12
"338","RSM00034730",1997-12-04,8
"339","RSM00034730",1997-12-05,55
"340","RSM00034730",1997-12-06,29
"341","RSM00034730",1997-12-07,-2
"342","RSM00034730",1997-12-08,-13
"343","RSM00034730",1997-12-09,-27
"344","RSM00034730",1997-12-10,-33
"345","RSM00034730",1997-12-11,-11
"346","RSM00034730",1997-12-12,17
"347","RSM00034730",1997-12-13,-70
"348","RSM00034730",1997-12-14,-34
"349","RSM00034730",1997-12-15,-100
"350","RSM00034730",1997-12-16,-236
"351","RSM00034730",1997-12-17,-208
"352","RSM00034730",1997-12-18,-154
"353","RSM00034730",1997-12-19,-59
"354","RSM00034730",1997-12-20,-27
"355","RSM00034730",1997-12-21,10
"356","RSM00034730",1997-12-22,-58
"357","RSM00034730",1997-12-23,-86
"358","RSM00034730",1997-12-24,-49
"359","RSM00034730",1997-12-25,-26
"360","RSM00034730",1997-12-26,-8
"361","RSM00034730",1997-12-27,39
"362","RSM00034730",1997-12-28,34
"363","RSM00034730",1997-12-29,24
"364","RSM00034730",1997-12-30,-1
"365","RSM00034730",1997-12-31,7
"366","RSM00034730",1998-01-01,0
"367","RSM00034730",1998-01-02,-1
"368","RSM00034730",1998-01-03,-8
"369","RSM00034730",1998-01-04,-5
"370","RSM00034730",1998-01-05,-29
"371","RSM00034730",1998-01-06,-8
"372","RSM00034730",1998-01-07,7
"373","RSM00034730",1998-01-08,7
"374","RSM00034730",1998-01-09,23
"375","RSM00034730",1998-01-10,9
"376","RSM00034730",1998-01-11,-17
"377","RSM00034730",1998-01-12,-9
"378","RSM00034730",1998-01-13,11
"379","RSM00034730",1998-01-14,0
"380","RSM00034730",1998-01-15,-85
"381","RSM00034730",1998-01-16,-87
"382","RSM00034730",1998-01-17,-79
"383","RSM00034730",1998-01-18,-96
"384","RSM00034730",1998-01-19,-83
"385","RSM00034730",1998-01-20,-83
"386","RSM00034730",1998-01-21,-68
"387","RSM00034730",1998-01-22,-116
"388","RSM00034730",1998-01-23,-142
"389","RSM00034730",1998-01-24,-105
"390","RSM00034730",1998-01-25,-93
"391","RSM00034730",1998-01-26,-85
"392","RSM00034730",1998-01-27,-98
"393","RSM00034730",1998-01-28,-58
"394","RSM00034730",1998-01-29,-42
"395","RSM00034730",1998-01-30,-29
"396","RSM00034730",1998-01-31,-53
"397","RSM00034730",1998-02-01,-17
"398","RSM00034730",1998-02-02,-99
"399","RSM00034730",1998-02-03,-117
"400","RSM00034730",1998-02-04,-17
"401","RSM00034730",1998-02-05,-39
"402","RSM00034730",1998-02-06,-29
"403","RSM00034730",1998-02-07,-15
"404","RSM00034730",1998-02-08,-70
"405","RSM00034730",1998-02-09,-110
"406","RSM00034730",1998-02-10,-63
"407","RSM00034730",1998-02-11,-8
"408","RSM00034730",1998-02-12,16
"409","RSM00034730",1998-02-13,15
"410","RSM00034730",1998-02-14,-84
"411","RSM00034730",1998-02-15,-46
"412","RSM00034730",1998-02-16,-157
"413","RSM00034730",1998-02-17,-29
"414","RSM00034730",1998-02-18,-60
"415","RSM00034730",1998-02-19,-75
"416","RSM00034730",1998-02-20,17
"417","RSM00034730",1998-02-21,26
"418","RSM00034730",1998-02-22,22
"419","RSM00034730",1998-02-23,21
"420","RSM00034730",1998-02-24,0
"421","RSM00034730",1998-02-25,7
"422","RSM00034730",1998-02-26,-46
"423","RSM00034730",1998-02-27,-47
"424","RSM00034730",1998-02-28,19
"425","RSM00034730",1998-03-01,30
"426","RSM00034730",1998-03-02,10
"427","RSM00034730",1998-03-03,12
"428","RSM00034730",1998-03-04,27
"429","RSM00034730",1998-03-05,43
"430","RSM00034730",1998-03-06,70
"431","RSM00034730",1998-03-07,37
"432","RSM00034730",1998-03-08,9
"433","RSM00034730",1998-03-09,71
"434","RSM00034730",1998-03-10,48
"435","RSM00034730",1998-03-11,53
"436","RSM00034730",1998-03-12,44
"437","RSM00034730",1998-03-13,15
"438","RSM00034730",1998-03-14,-4
"439","RSM00034730",1998-03-15,29
"440","RSM00034730",1998-03-16,21
"441","RSM00034730",1998-03-17,-1
"442","RSM00034730",1998-03-18,-34
"443","RSM00034730",1998-03-19,-38
"444","RSM00034730",1998-03-20,-21
"445","RSM00034730",1998-03-21,9
"446","RSM00034730",1998-03-22,-11
"447","RSM00034730",1998-03-23,-6
"448","RSM00034730",1998-03-24,-6
"449","RSM00034730",1998-03-25,-3
"450","RSM00034730",1998-03-26,10
"451","RSM00034730",1998-03-27,5
"452","RSM00034730",1998-03-28,21
"453","RSM00034730",1998-03-29,36
"454","RSM00034730",1998-03-30,38
"455","RSM00034730",1998-03-31,45
"456","RSM00034730",1998-04-01,66
"457","RSM00034730",1998-04-02,79
"458","RSM00034730",1998-04-03,99
"459","RSM00034730",1998-04-04,94
"460","RSM00034730",1998-04-05,118
"461","RSM00034730",1998-04-06,134
"462","RSM00034730",1998-04-07,162
"463","RSM00034730",1998-04-08,145
"464","RSM00034730",1998-04-09,156
"465","RSM00034730",1998-04-10,186
"466","RSM00034730",1998-04-11,107
"467","RSM00034730",1998-04-12,170
"468","RSM00034730",1998-04-13,182
"469","RSM00034730",1998-04-14,149
"470","RSM00034730",1998-04-15,131
"471","RSM00034730",1998-04-16,107
"472","RSM00034730",1998-04-17,73
"473","RSM00034730",1998-04-18,88
"474","RSM00034730",1998-04-19,123
"475","RSM00034730",1998-04-20,104
"476","RSM00034730",1998-04-21,60
"477","RSM00034730",1998-04-22,45
"478","RSM00034730",1998-04-23,75
"479","RSM00034730",1998-04-24,116
"480","RSM00034730",1998-04-25,137
"481","RSM00034730",1998-04-26,149
"482","RSM00034730",1998-04-27,125
"483","RSM00034730",1998-04-28,129
"484","RSM00034730",1998-04-29,138
"485","RSM00034730",1998-04-30,135
"486","RSM00034730",1998-05-01,161
"487","RSM00034730",1998-05-02,146
"488","RSM00034730",1998-05-03,146
"489","RSM00034730",1998-05-04,168
"490","RSM00034730",1998-05-05,191
"491","RSM00034730",1998-05-06,183
"492","RSM00034730",1998-05-07,168
"493","RSM00034730",1998-05-08,171
"494","RSM00034730",1998-05-09,178
"495","RSM00034730",1998-05-10,187
"496","RSM00034730",1998-05-11,188
"497","RSM00034730",1998-05-12,158
"498","RSM00034730",1998-05-13,147
"499","RSM00034730",1998-05-14,141
"500","RSM00034730",1998-05-15,140
"501","RSM00034730",1998-05-16,145
"502","RSM00034730",1998-05-17,169
"503","RSM00034730",1998-05-18,190
"504","RSM00034730",1998-05-19,170
"505","RSM00034730",1998-05-20,156
"506","RSM00034730",1998-05-21,151
"507","RSM00034730",1998-05-22,159
"508","RSM00034730",1998-05-23,161
"509","RSM00034730",1998-05-24,144
"510","RSM00034730",1998-05-25,145
"511","RSM00034730",1998-05-26,174
"512","RSM00034730",1998-05-27,216
"513","RSM00034730",1998-05-28,221
"514","RSM00034730",1998-05-29,201
"515","RSM00034730",1998-05-30,198
"516","RSM00034730",1998-05-31,195
"517","RSM00034730",1998-06-01,188
"518","RSM00034730",1998-06-02,180
"519","RSM00034730",1998-06-03,192
"520","RSM00034730",1998-06-04,209
"521","RSM00034730",1998-06-05,224
"522","RSM00034730",1998-06-06,239
"523","RSM00034730",1998-06-07,247
"524","RSM00034730",1998-06-08,236
"525","RSM00034730",1998-06-09,249
"526","RSM00034730",1998-06-10,253
"527","RSM00034730",1998-06-11,245
"528","RSM00034730",1998-06-12,253
"529","RSM00034730",1998-06-13,273
"530","RSM00034730",1998-06-14,273
"531","RSM00034730",1998-06-15,258
"532","RSM00034730",1998-06-16,230
"533","RSM00034730",1998-06-17,253
"534","RSM00034730",1998-06-18,289
"535","RSM00034730",1998-06-19,271
"536","RSM00034730",1998-06-20,262
"537","RSM00034730",1998-06-21,253
"538","RSM00034730",1998-06-22,205
"539","RSM00034730",1998-06-23,181
"540","RSM00034730",1998-06-24,218
"541","RSM00034730",1998-06-25,197
"542","RSM00034730",1998-06-26,202
"543","RSM00034730",1998-06-27,199
"544","RSM00034730",1998-06-28,192
"545","RSM00034730",1998-06-29,215
"546","RSM00034730",1998-06-30,224
"547","RSM00034730",1998-07-01,240
"548","RSM00034730",1998-07-02,234
"549","RSM00034730",1998-07-03,225
"550","RSM00034730",1998-07-04,200
"551","RSM00034730",1998-07-05,203
"552","RSM00034730",1998-07-06,216
"553","RSM00034730",1998-07-07,203
"554","RSM00034730",1998-07-08,211
"555","RSM00034730",1998-07-09,232
"556","RSM00034730",1998-07-10,239
"557","RSM00034730",1998-07-11,187
"558","RSM00034730",1998-07-12,205
"559","RSM00034730",1998-07-13,208
"560","RSM00034730",1998-07-14,212
"561","RSM00034730",1998-07-15,231
"562","RSM00034730",1998-07-16,262
"563","RSM00034730",1998-07-17,265
"564","RSM00034730",1998-07-18,232
"565","RSM00034730",1998-07-19,222
"566","RSM00034730",1998-07-20,239
"567","RSM00034730",1998-07-21,249
"568","RSM00034730",1998-07-22,271
"569","RSM00034730",1998-07-23,269
"570","RSM00034730",1998-07-24,282
"571","RSM00034730",1998-07-25,287
"572","RSM00034730",1998-07-26,288
"573","RSM00034730",1998-07-27,295
"574","RSM00034730",1998-07-28,297
"575","RSM00034730",1998-07-29,310
"576","RSM00034730",1998-07-30,311
"577","RSM00034730",1998-07-31,316
"578","RSM00034730",1998-08-01,289
"579","RSM00034730",1998-08-02,297
"580","RSM00034730",1998-08-03,307
"581","RSM00034730",1998-08-04,297
"582","RSM00034730",1998-08-05,293
"583","RSM00034730",1998-08-06,297
"584","RSM00034730",1998-08-07,232
"585","RSM00034730",1998-08-08,207
"586","RSM00034730",1998-08-09,220
"587","RSM00034730",1998-08-10,206
"588","RSM00034730",1998-08-11,186
"589","RSM00034730",1998-08-12,181
"590","RSM00034730",1998-08-13,182
"591","RSM00034730",1998-08-14,169
"592","RSM00034730",1998-08-15,192
"593","RSM00034730",1998-08-16,206
"594","RSM00034730",1998-08-17,205
"595","RSM00034730",1998-08-18,206
"596","RSM00034730",1998-08-19,223
"597","RSM00034730",1998-08-20,246
"598","RSM00034730",1998-08-21,240
"599","RSM00034730",1998-08-22,261
"600","RSM00034730",1998-08-23,251
"601","RSM00034730",1998-08-24,206
"602","RSM00034730",1998-08-25,191
"603","RSM00034730",1998-08-26,203
"604","RSM00034730",1998-08-27,172
"605","RSM00034730",1998-08-28,205
"606","RSM00034730",1998-08-29,257
"607","RSM00034730",1998-08-30,227
"608","RSM00034730",1998-08-31,190
"609","RSM00034730",1998-09-01,175
"610","RSM00034730",1998-09-02,149
"611","RSM00034730",1998-09-03,126
"612","RSM00034730",1998-09-04,113
"613","RSM00034730",1998-09-05,117
"614","RSM00034730",1998-09-06,129
"615","RSM00034730",1998-09-07,120
"616","RSM00034730",1998-09-08,149
"617","RSM00034730",1998-09-09,175
"618","RSM00034730",1998-09-10,158
"619","RSM00034730",1998-09-11,188
"620","RSM00034730",1998-09-12,189
"621","RSM00034730",1998-09-13,202
"622","RSM00034730",1998-09-14,211
"623","RSM00034730",1998-09-15,227
"624","RSM00034730",1998-09-16,220
"625","RSM00034730",1998-09-17,163
"626","RSM00034730",1998-09-18,174
"627","RSM00034730",1998-09-19,216
"628","RSM00034730",1998-09-20,212
"629","RSM00034730",1998-09-21,205
"630","RSM00034730",1998-09-22,215
"631","RSM00034730",1998-09-23,192
"632","RSM00034730",1998-09-24,161
"633","RSM00034730",1998-09-25,117
"634","RSM00034730",1998-09-26,141
"635","RSM00034730",1998-09-27,143
"636","RSM00034730",1998-09-28,176
"637","RSM00034730",1998-09-29,175
"638","RSM00034730",1998-09-30,184
"639","RSM00034730",1998-10-01,185
"640","RSM00034730",1998-10-02,86
"641","RSM00034730",1998-10-03,40
"642","RSM00034730",1998-10-04,53
"643","RSM00034730",1998-10-05,69
"644","RSM00034730",1998-10-06,106
"645","RSM00034730",1998-10-07,66
"646","RSM00034730",1998-10-08,30
"647","RSM00034730",1998-10-09,42
"648","RSM00034730",1998-10-10,83
"649","RSM00034730",1998-10-11,133
"650","RSM00034730",1998-10-12,153
"651","RSM00034730",1998-10-13,183
"652","RSM00034730",1998-10-14,183
"653","RSM00034730",1998-10-15,173
"654","RSM00034730",1998-10-16,144
"655","RSM00034730",1998-10-17,108
"656","RSM00034730",1998-10-18,85
"657","RSM00034730",1998-10-19,105
"658","RSM00034730",1998-10-20,108
"659","RSM00034730",1998-10-21,147
"660","RSM00034730",1998-10-22,64
"661","RSM00034730",1998-10-23,47
"662","RSM00034730",1998-10-24,69
"663","RSM00034730",1998-10-25,64
"664","RSM00034730",1998-10-26,106
"665","RSM00034730",1998-10-27,125
"666","RSM00034730",1998-10-28,114
"667","RSM00034730",1998-10-29,77
"668","RSM00034730",1998-10-30,135
"669","RSM00034730",1998-10-31,83
"670","RSM00034730",1998-11-01,71
"671","RSM00034730",1998-11-02,54
"672","RSM00034730",1998-11-03,88
"673","RSM00034730",1998-11-04,92
"674","RSM00034730",1998-11-05,153
"675","RSM00034730",1998-11-06,126
"676","RSM00034730",1998-11-07,47
"677","RSM00034730",1998-11-08,49
"678","RSM00034730",1998-11-09,9
"679","RSM00034730",1998-11-10,-2
"680","RSM00034730",1998-11-11,-18
"681","RSM00034730",1998-11-12,-31
"682","RSM00034730",1998-11-13,-11
"683","RSM00034730",1998-11-14,63
"684","RSM00034730",1998-11-15,30
"685","RSM00034730",1998-11-16,50
"686","RSM00034730",1998-11-17,74
"687","RSM00034730",1998-11-18,23
"688","RSM00034730",1998-11-19,-27
"689","RSM00034730",1998-11-20,-44
"690","RSM00034730",1998-11-21,-34
"691","RSM00034730",1998-11-22,-62
"692","RSM00034730",1998-11-23,-89
"693","RSM00034730",1998-11-24,-77
"694","RSM00034730",1998-11-25,-16
"695","RSM00034730",1998-11-26,9
"696","RSM00034730",1998-11-27,-25
"697","RSM00034730",1998-11-28,-59
"698","RSM00034730",1998-11-29,-109
"699","RSM00034730",1998-11-30,-119
"700","RSM00034730",1998-12-01,-123
"701","RSM00034730",1998-12-02,-123
"702","RSM00034730",1998-12-03,-105
"703","RSM00034730",1998-12-04,-57
"704","RSM00034730",1998-12-05,-8
"705","RSM00034730",1998-12-06,51
"706","RSM00034730",1998-12-07,55
"707","RSM00034730",1998-12-08,16
"708","RSM00034730",1998-12-09,6
"709","RSM00034730",1998-12-10,6
"710","RSM00034730",1998-12-11,-14
"711","RSM00034730",1998-12-12,-33
"712","RSM00034730",1998-12-13,-26
"713","RSM00034730",1998-12-14,-15
"714","RSM00034730",1998-12-15,5
"715","RSM00034730",1998-12-16,8
"716","RSM00034730",1998-12-17,17
"717","RSM00034730",1998-12-18,-9
"718","RSM00034730",1998-12-19,-3
"719","RSM00034730",1998-12-20,20
"720","RSM00034730",1998-12-21,17
"721","RSM00034730",1998-12-22,53
"722","RSM00034730",1998-12-23,-21
"723","RSM00034730",1998-12-24,-112
"724","RSM00034730",1998-12-25,-100
"725","RSM00034730",1998-12-26,-54
"726","RSM00034730",1998-12-27,-70
"727","RSM00034730",1998-12-28,-4
"728","RSM00034730",1998-12-29,17
"729","RSM00034730",1998-12-30,-11
"730","RSM00034730",1998-12-31,-8
"731","RSM00034730",1997-01-01,-66
"732","RSM00034730",1997-01-02,-97
"733","RSM00034730",1997-01-03,-137
"734","RSM00034730",1997-01-04,-184
"735","RSM00034730",1997-01-05,-140
"736","RSM00034730",1997-01-06,-63
"737","RSM00034730",1997-01-07,-111
"738","RSM00034730",1997-01-08,-157
"739","RSM00034730",1997-01-09,-141
"740","RSM00034730",1997-01-10,-76
"741","RSM00034730",1997-01-11,-37
"742","RSM00034730",1997-01-12,-108
"743","RSM00034730",1997-01-13,-114
"744","RSM00034730",1997-01-14,-126
"745","RSM00034730",1997-01-15,-20
"746","RSM00034730",1997-01-16,-25
"747","RSM00034730",1997-01-17,4
"748","RSM00034730",1997-01-18,-26
"749","RSM00034730",1997-01-19,-1
"750","RSM00034730",1997-01-20,-2
"751","RSM00034730",1997-01-21,-20
"752","RSM00034730",1997-01-22,-8
"753","RSM00034730",1997-01-23,-25
"754","RSM00034730",1997-01-24,5
"755","RSM00034730",1997-01-25,0
"756","RSM00034730",1997-01-26,-71
"757","RSM00034730",1997-01-27,-109
"758","RSM00034730",1997-01-28,-96
"759","RSM00034730",1997-01-29,-37
"760","RSM00034730",1997-01-30,-102
"761","RSM00034730",1997-01-31,-115
"762","RSM00034730",1997-02-01,-23
"763","RSM00034730",1997-02-02,-65
"764","RSM00034730",1997-02-03,-140
"765","RSM00034730",1997-02-04,-131
"766","RSM00034730",1997-02-05,-148
"767","RSM00034730",1997-02-06,-118
"768","RSM00034730",1997-02-07,-24
"769","RSM00034730",1997-02-08,-48
"770","RSM00034730",1997-02-09,-3
"771","RSM00034730",1997-02-10,-2
"772","RSM00034730",1997-02-11,4
"773","RSM00034730",1997-02-12,16
"774","RSM00034730",1997-02-13,12
"775","RSM00034730",1997-02-14,39
"776","RSM00034730",1997-02-15,39
"777","RSM00034730",1997-02-16,30
"778","RSM00034730",1997-02-17,8
"779","RSM00034730",1997-02-18,-77
"780","RSM00034730",1997-02-19,-105
"781","RSM00034730",1997-02-20,-141
"782","RSM00034730",1997-02-21,-95
"783","RSM00034730",1997-02-22,-35
"784","RSM00034730",1997-02-23,-5
"785","RSM00034730",1997-02-24,-16
"786","RSM00034730",1997-02-25,-15
"787","RSM00034730",1997-02-26,-22
"788","RSM00034730",1997-02-27,-2
"789","RSM00034730",1997-02-28,25
"790","RSM00034730",1997-03-01,16
"791","RSM00034730",1997-03-02,5
"792","RSM00034730",1997-03-03,25
"793","RSM00034730",1997-03-04,37
"794","RSM00034730",1997-03-05,15
"795","RSM00034730",1997-03-06,2
"796","RSM00034730",1997-03-07,2
"797","RSM00034730",1997-03-08,-7
"798","RSM00034730",1997-03-09,9
"799","RSM00034730",1997-03-10,9
"800","RSM00034730",1997-03-11,32
"801","RSM00034730",1997-03-12,38
"802","RSM00034730",1997-03-13,48
"803","RSM00034730",1997-03-14,34
"804","RSM00034730",1997-03-15,35
"805","RSM00034730",1997-03-16,49
"806","RSM00034730",1997-03-17,26
"807","RSM00034730",1997-03-18,-35
"808","RSM00034730",1997-03-19,-27
"809","RSM00034730",1997-03-20,-8
"810","RSM00034730",1997-03-21,18
"811","RSM00034730",1997-03-22,-29
"812","RSM00034730",1997-03-23,-9
"813","RSM00034730",1997-03-24,-5
"814","RSM00034730",1997-03-25,7
"815","RSM00034730",1997-03-26,0
"816","RSM00034730",1997-03-27,-29
"817","RSM00034730",1997-03-28,-19
"818","RSM00034730",1997-03-29,31
"819","RSM00034730",1997-03-30,52
"820","RSM00034730",1997-03-31,98
"821","RSM00034730",1997-04-01,101
"822","RSM00034730",1997-04-02,133
"823","RSM00034730",1997-04-03,135
"824","RSM00034730",1997-04-04,110
"825","RSM00034730",1997-04-05,98
"826","RSM00034730",1997-04-06,83
"827","RSM00034730",1997-04-07,62
"828","RSM00034730",1997-04-08,68
"829","RSM00034730",1997-04-09,36
"830","RSM00034730",1997-04-10,15
"831","RSM00034730",1997-04-11,22
"832","RSM00034730",1997-04-12,52
"833","RSM00034730",1997-04-13,47
"834","RSM00034730",1997-04-14,81
"835","RSM00034730",1997-04-15,82
"836","RSM00034730",1997-04-16,61
"837","RSM00034730",1997-04-17,95
"838","RSM00034730",1997-04-18,90
"839","RSM00034730",1997-04-19,57
"840","RSM00034730",1997-04-20,90
"841","RSM00034730",1997-04-21,94
"842","RSM00034730",1997-04-22,100
"843","RSM00034730",1997-04-23,116
"844","RSM00034730",1997-04-24,120
"845","RSM00034730",1997-04-25,85
"846","RSM00034730",1997-04-26,85
"847","RSM00034730",1997-04-27,97
"848","RSM00034730",1997-04-28,115
"849","RSM00034730",1997-04-29,103
"850","RSM00034730",1997-04-30,113
"851","RSM00034730",1997-05-01,158
"852","RSM00034730",1997-05-02,176
"853","RSM00034730",1997-05-03,152
"854","RSM00034730",1997-05-04,132
"855","RSM00034730",1997-05-05,102
"856","RSM00034730",1997-05-06,152
"857","RSM00034730",1997-05-07,193
"858","RSM00034730",1997-05-08,190
"859","RSM00034730",1997-05-09,208
"860","RSM00034730",1997-05-10,227
"861","RSM00034730",1997-05-11,233
"862","RSM00034730",1997-05-12,205
"863","RSM00034730",1997-05-13,197
"864","RSM00034730",1997-05-14,195
"865","RSM00034730",1997-05-15,203
"866","RSM00034730",1997-05-16,214
"867","RSM00034730",1997-05-17,220
"868","RSM00034730",1997-05-18,172
"869","RSM00034730",1997-05-19,163
"870","RSM00034730",1997-05-20,179
"871","RSM00034730",1997-05-21,192
"872","RSM00034730",1997-05-22,206
"873","RSM00034730",1997-05-23,214
"874","RSM00034730",1997-05-24,224
"875","RSM00034730",1997-05-25,196
"876","RSM00034730",1997-05-26,147
"877","RSM00034730",1997-05-27,127
"878","RSM00034730",1997-05-28,131
"879","RSM00034730",1997-05-29,113
"880","RSM00034730",1997-05-30,128
"881","RSM00034730",1997-05-31,155
"882","RSM00034730",1997-06-01,149
"883","RSM00034730",1997-06-02,157
"884","RSM00034730",1997-06-03,169
"885","RSM00034730",1997-06-04,172
"886","RSM00034730",1997-06-05,186
"887","RSM00034730",1997-06-06,179
"888","RSM00034730",1997-06-07,188
"889","RSM00034730",1997-06-08,215
"890","RSM00034730",1997-06-09,241
"891","RSM00034730",1997-06-10,245
"892","RSM00034730",1997-06-11,242
"893","RSM00034730",1997-06-12,251
"894","RSM00034730",1997-06-13,219
"895","RSM00034730",1997-06-14,223
"896","RSM00034730",1997-06-15,220
"897","RSM00034730",1997-06-16,207
"898","RSM00034730",1997-06-17,219
"899","RSM00034730",1997-06-18,205
"900","RSM00034730",1997-06-19,188
"901","RSM00034730",1997-06-20,170
"902","RSM00034730",1997-06-21,170
"903","RSM00034730",1997-06-22,193
"904","RSM00034730",1997-06-23,204
"905","RSM00034730",1997-06-24,217
"906","RSM00034730",1997-06-25,236
"907","RSM00034730",1997-06-26,239
"908","RSM00034730",1997-06-27,255
"909","RSM00034730",1997-06-28,270
"910","RSM00034730",1997-06-29,266
"911","RSM00034730",1997-06-30,269
"912","RSM00034730",1997-07-01,239
"913","RSM00034730",1997-07-02,248
"914","RSM00034730",1997-07-03,240
"915","RSM00034730",1997-07-04,237
"916","RSM00034730",1997-07-05,229
"917","RSM00034730",1997-07-06,233
"918","RSM00034730",1997-07-07,228
"919","RSM00034730",1997-07-08,233
"920","RSM00034730",1997-07-09,248
"921","RSM00034730",1997-07-10,210
"922","RSM00034730",1997-07-11,211
"923","RSM00034730",1997-07-12,212
"924","RSM00034730",1997-07-13,209
"925","RSM00034730",1997-07-14,204
"926","RSM00034730",1997-07-15,202
"927","RSM00034730",1997-07-16,181
"928","RSM00034730",1997-07-17,189
"929","RSM00034730",1997-07-18,188
"930","RSM00034730",1997-07-19,193
"931","RSM00034730",1997-07-20,214
"932","RSM00034730",1997-07-21,218
"933","RSM00034730",1997-07-22,207
"934","RSM00034730",1997-07-23,197
"935","RSM00034730",1997-07-24,191
"936","RSM00034730",1997-07-25,189
"937","RSM00034730",1997-07-26,200
"938","RSM00034730",1997-07-27,221
"939","RSM00034730",1997-07-28,253
"940","RSM00034730",1997-07-29,240
"941","RSM00034730",1997-07-30,209
"942","RSM00034730",1997-07-31,219
"943","RSM00034730",1997-08-01,236
"944","RSM00034730",1997-08-02,226
"945","RSM00034730",1997-08-03,217
"946","RSM00034730",1997-08-04,215
"947","RSM00034730",1997-08-05,213
"948","RSM00034730",1997-08-06,217
"949","RSM00034730",1997-08-07,210
"950","RSM00034730",1997-08-08,217
"951","RSM00034730",1997-08-09,192
"952","RSM00034730",1997-08-10,207
"953","RSM00034730",1997-08-11,209
"954","RSM00034730",1997-08-12,197
"955","RSM00034730",1997-08-13,188
"956","RSM00034730",1997-08-14,203
"957","RSM00034730",1997-08-15,192
"958","RSM00034730",1997-08-16,205
"959","RSM00034730",1997-08-17,174
"960","RSM00034730",1997-08-18,156
"961","RSM00034730",1997-08-19,159
"962","RSM00034730",1997-08-20,168
"963","RSM00034730",1997-08-21,182
"964","RSM00034730",1997-08-22,204
"965","RSM00034730",1997-08-23,210
"966","RSM00034730",1997-08-24,234
"967","RSM00034730",1997-08-25,240
"968","RSM00034730",1997-08-26,230
"969","RSM00034730",1997-08-27,196
"970","RSM00034730",1997-08-28,204
"971","RSM00034730",1997-08-29,218
"972","RSM00034730",1997-08-30,218
"973","RSM00034730",1997-08-31,222
"974","RSM00034730",1997-09-01,158
"975","RSM00034730",1997-09-02,122
"976","RSM00034730",1997-09-03,97
"977","RSM00034730",1997-09-04,83
"978","RSM00034730",1997-09-05,100
"979","RSM00034730",1997-09-06,108
"980","RSM00034730",1997-09-07,133
"981","RSM00034730",1997-09-08,139
"982","RSM00034730",1997-09-09,147
"983","RSM00034730",1997-09-10,165
"984","RSM00034730",1997-09-11,133
"985","RSM00034730",1997-09-12,123
"986","RSM00034730",1997-09-13,140
"987","RSM00034730",1997-09-14,147
"988","RSM00034730",1997-09-15,174
"989","RSM00034730",1997-09-16,162
"990","RSM00034730",1997-09-17,139
"991","RSM00034730",1997-09-18,131
"992","RSM00034730",1997-09-19,142
"993","RSM00034730",1997-09-20,165
"994","RSM00034730",1997-09-21,140
"995","RSM00034730",1997-09-22,111
"996","RSM00034730",1997-09-23,114
"997","RSM00034730",1997-09-24,118
"998","RSM00034730",1997-09-25,94
"999","RSM00034730",1997-09-26,61
"1000","RSM00034730",1997-09-27,102
"1001","RSM00034730",1997-09-28,125
"1002","RSM00034730",1997-09-29,102
"1003","RSM00034730",1997-09-30,93
"1004","RSM00034730",1997-10-01,107
"1005","RSM00034730",1997-10-02,101
"1006","RSM00034730",1997-10-03,100
"1007","RSM00034730",1997-10-04,111
"1008","RSM00034730",1997-10-05,91
"1009","RSM00034730",1997-10-06,109
"1010","RSM00034730",1997-10-07,96
"1011","RSM00034730",1997-10-08,126
"1012","RSM00034730",1997-10-09,154
"1013","RSM00034730",1997-10-10,152
"1014","RSM00034730",1997-10-11,180
"1015","RSM00034730",1997-10-12,172
"1016","RSM00034730",1997-10-13,179
"1017","RSM00034730",1997-10-14,161
"1018","RSM00034730",1997-10-15,148
"1019","RSM00034730",1997-10-16,176
"1020","RSM00034730",1997-10-17,122
"1021","RSM00034730",1997-10-18,81
"1022","RSM00034730",1997-10-19,62
"1023","RSM00034730",1997-10-20,68
"1024","RSM00034730",1997-10-21,97
"1025","RSM00034730",1997-10-22,95
"1026","RSM00034730",1997-10-23,61
"1027","RSM00034730",1997-10-24,90
"1028","RSM00034730",1997-10-25,102
"1029","RSM00034730",1997-10-26,21
"1030","RSM00034730",1997-10-27,6
"1031","RSM00034730",1997-10-28,13
"1032","RSM00034730",1997-10-29,3
"1033","RSM00034730",1997-10-30,-8
"1034","RSM00034730",1997-10-31,4
"1035","RSM00034730",1997-11-01,18
"1036","RSM00034730",1997-11-02,21
"1037","RSM00034730",1997-11-03,29
"1038","RSM00034730",1997-11-04,57
"1039","RSM00034730",1997-11-05,-18
"1040","RSM00034730",1997-11-06,-33
"1041","RSM00034730",1997-11-07,-18
"1042","RSM00034730",1997-11-08,31
"1043","RSM00034730",1997-11-09,56
"1044","RSM00034730",1997-11-10,58
"1045","RSM00034730",1997-11-11,23
"1046","RSM00034730",1997-11-12,43
"1047","RSM00034730",1997-11-13,40
"1048","RSM00034730",1997-11-14,42
"1049","RSM00034730",1997-11-15,25
"1050","RSM00034730",1997-11-16,18
"1051","RSM00034730",1997-11-17,2
"1052","RSM00034730",1997-11-18,23
"1053","RSM00034730",1997-11-19,35
"1054","RSM00034730",1997-11-20,40
"1055","RSM00034730",1997-11-21,36
"1056","RSM00034730",1997-11-22,49
"1057","RSM00034730",1997-11-23,26
"1058","RSM00034730",1997-11-24,20
"1059","RSM00034730",1997-11-25,-2
"1060","RSM00034730",1997-11-26,16
"1061","RSM00034730",1997-11-27,22
"1062","RSM00034730",1997-11-28,25
"1063","RSM00034730",1997-11-29,-12
"1064","RSM00034730",1997-11-30,-28
"1065","RSM00034730",1997-12-01,-18
"1066","RSM00034730",1997-12-02,-21
"1067","RSM00034730",1997-12-03,-12
"1068","RSM00034730",1997-12-04,8
"1069","RSM00034730",1997-12-05,55
"1070","RSM00034730",1997-12-06,29
"1071","RSM00034730",1997-12-07,-2
"1072","RSM00034730",1997-12-08,-13
"1073","RSM00034730",1997-12-09,-27
"1074","RSM00034730",1997-12-10,-33
"1075","RSM00034730",1997-12-11,-11
"1076","RSM00034730",1997-12-12,17
"1077","RSM00034730",1997-12-13,-70
"1078","RSM00034730",1997-12-14,-34
"1079","RSM00034730",1997-12-15,-100
"1080","RSM00034730",1997-12-16,-236
"1081","RSM00034730",1997-12-17,-208
"1082","RSM00034730",1997-12-18,-154
"1083","RSM00034730",1997-12-19,-59
"1084","RSM00034730",1997-12-20,-27
"1085","RSM00034730",1997-12-21,10
"1086","RSM00034730",1997-12-22,-58
"1087","RSM00034730",1997-12-23,-86
"1088","RSM00034730",1997-12-24,-49
"1089","RSM00034730",1997-12-25,-26
"1090","RSM00034730",1997-12-26,-8
"1091","RSM00034730",1997-12-27,39
"1092","RSM00034730",1997-12-28,34
"1093","RSM00034730",1997-12-29,24
"1094","RSM00034730",1997-12-30,-1
"1095","RSM00034730",1997-12-31,7
"1096","RSM00034730",1998-01-01,0
"1097","RSM00034730",1998-01-02,-1
"1098","RSM00034730",1998-01-03,-8
"1099","RSM00034730",1998-01-04,-5
"1100","RSM00034730",1998-01-05,-29
"1101","RSM00034730",1998-01-06,-8
"1102","RSM00034730",1998-01-07,7
"1103","RSM00034730",1998-01-08,7
"1104","RSM00034730",1998-01-09,23
"1105","RSM00034730",1998-01-10,9
"1106","RSM00034730",1998-01-11,-17
"1107","RSM00034730",1998-01-12,-9
"1108","RSM00034730",1998-01-13,11
"1109","RSM00034730",1998-01-14,0
"1110","RSM00034730",1998-01-15,-85
"1111","RSM00034730",1998-01-16,-87
"1112","RSM00034730",1998-01-17,-79
"1113","RSM00034730",1998-01-18,-96
"1114","RSM00034730",1998-01-19,-83
"1115","RSM00034730",1998-01-20,-83
"1116","RSM00034730",1998-01-21,-68
"1117","RSM00034730",1998-01-22,-116
"1118","RSM00034730",1998-01-23,-142
"1119","RSM00034730",1998-01-24,-105
"1120","RSM00034730",1998-01-25,-93
"1121","RSM00034730",1998-01-26,-85
"1122","RSM00034730",1998-01-27,-98
"1123","RSM00034730",1998-01-28,-58
"1124","RSM00034730",1998-01-29,-42
"1125","RSM00034730",1998-01-30,-29
"1126","RSM00034730",1998-01-31,-53
"1127","RSM00034730",1998-02-01,-17
"1128","RSM00034730",1998-02-02,-99
"1129","RSM00034730",1998-02-03,-117
"1130","RSM00034730",1998-02-04,-17
"1131","RSM00034730",1998-02-05,-39
"1132","RSM00034730",1998-02-06,-29
"1133","RSM00034730",1998-02-07,-15
"1134","RSM00034730",1998-02-08,-70
"1135","RSM00034730",1998-02-09,-110
"1136","RSM00034730",1998-02-10,-63
"1137","RSM00034730",1998-02-11,-8
"1138","RSM00034730",1998-02-12,16
"1139","RSM00034730",1998-02-13,15
"1140","RSM00034730",1998-02-14,-84
"1141","RSM00034730",1998-02-15,-46
"1142","RSM00034730",1998-02-16,-157
"1143","RSM00034730",1998-02-17,-29
"1144","RSM00034730",1998-02-18,-60
"1145","RSM00034730",1998-02-19,-75
"1146","RSM00034730",1998-02-20,17
"1147","RSM00034730",1998-02-21,26
"1148","RSM00034730",1998-02-22,22
"1149","RSM00034730",1998-02-23,21
"1150","RSM00034730",1998-02-24,0
"1151","RSM00034730",1998-02-25,7
"1152","RSM00034730",1998-02-26,-46
"1153","RSM00034730",1998-02-27,-47
"1154","RSM00034730",1998-02-28,19
"1155","RSM00034730",1998-03-01,30
"1156","RSM00034730",1998-03-02,10
"1157","RSM00034730",1998-03-03,12
"1158","RSM00034730",1998-03-04,27
"1159","RSM00034730",1998-03-05,43
"1160","RSM00034730",1998-03-06,70
"1161","RSM00034730",1998-03-07,37
"1162","RSM00034730",1998-03-08,9
"1163","RSM00034730",1998-03-09,71
"1164","RSM00034730",1998-03-10,48
"1165","RSM00034730",1998-03-11,53
"1166","RSM00034730",1998-03-12,44
"1167","RSM00034730",1998-03-13,15
"1168","RSM00034730",1998-03-14,-4
"1169","RSM00034730",1998-03-15,29
"1170","RSM00034730",1998-03-16,21
"1171","RSM00034730",1998-03-17,-1
"1172","RSM00034730",1998-03-18,-34
"1173","RSM00034730",1998-03-19,-38
"1174","RSM00034730",1998-03-20,-21
"1175","RSM00034730",1998-03-21,9
"1176","RSM00034730",1998-03-22,-11
"1177","RSM00034730",1998-03-23,-6
"1178","RSM00034730",1998-03-24,-6
"1179","RSM00034730",1998-03-25,-3
"1180","RSM00034730",1998-03-26,10
"1181","RSM00034730",1998-03-27,5
"1182","RSM00034730",1998-03-28,21
"1183","RSM00034730",1998-03-29,36
"1184","RSM00034730",1998-03-30,38
"1185","RSM00034730",1998-03-31,45
"1186","RSM00034730",1998-04-01,66
"1187","RSM00034730",1998-04-02,79
"1188","RSM00034730",1998-04-03,99
"1189","RSM00034730",1998-04-04,94
"1190","RSM00034730",1998-04-05,118
"1191","RSM00034730",1998-04-06,134
"1192","RSM00034730",1998-04-07,162
"1193","RSM00034730",1998-04-08,145
"1194","RSM00034730",1998-04-09,156
"1195","RSM00034730",1998-04-10,186
"1196","RSM00034730",1998-04-11,107
"1197","RSM00034730",1998-04-12,170
"1198","RSM00034730",1998-04-13,182
"1199","RSM00034730",1998-04-14,149
"1200","RSM00034730",1998-04-15,131
"1201","RSM00034730",1998-04-16,107
"1202","RSM00034730",1998-04-17,73
"1203","RSM00034730",1998-04-18,88
"1204","RSM00034730",1998-04-19,123
"1205","RSM00034730",1998-04-20,104
"1206","RSM00034730",1998-04-21,60
"1207","RSM00034730",1998-04-22,45
"1208","RSM00034730",1998-04-23,75
"1209","RSM00034730",1998-04-24,116
"1210","RSM00034730",1998-04-25,137
"1211","RSM00034730",1998-04-26,149
"1212","RSM00034730",1998-04-27,125
"1213","RSM00034730",1998-04-28,129
"1214","RSM00034730",1998-04-29,138
"1215","RSM00034730",1998-04-30,135
"1216","RSM00034730",1998-05-01,161
"1217","RSM00034730",1998-05-02,146
"1218","RSM00034730",1998-05-03,146
"1219","RSM00034730",1998-05-04,168
"1220","RSM00034730",1998-05-05,191
"1221","RSM00034730",1998-05-06,183
"1222","RSM00034730",1998-05-07,168
"1223","RSM00034730",1998-05-08,171
"1224","RSM00034730",1998-05-09,178
"1225","RSM00034730",1998-05-10,187
"1226","RSM00034730",1998-05-11,188
"1227","RSM00034730",1998-05-12,158
"1228","RSM00034730",1998-05-13,147
"1229","RSM00034730",1998-05-14,141
"1230","RSM00034730",1998-05-15,140
"1231","RSM00034730",1998-05-16,145
"1232","RSM00034730",1998-05-17,169
"1233","RSM00034730",1998-05-18,190
"1234","RSM00034730",1998-05-19,170
"1235","RSM00034730",1998-05-20,156
"1236","RSM00034730",1998-05-21,151
"1237","RSM00034730",1998-05-22,159
"1238","RSM00034730",1998-05-23,161
"1239","RSM00034730",1998-05-24,144
"1240","RSM00034730",1998-05-25,145
"1241","RSM00034730",1998-05-26,174
"1242","RSM00034730",1998-05-27,216
"1243","RSM00034730",1998-05-28,221
"1244","RSM00034730",1998-05-29,201
"1245","RSM00034730",1998-05-30,198
"1246","RSM00034730",1998-05-31,195
"1247","RSM00034730",1998-06-01,188
"1248","RSM00034730",1998-06-02,180
"1249","RSM00034730",1998-06-03,192
"1250","RSM00034730",1998-06-04,209
"1251","RSM00034730",1998-06-05,224
"1252","RSM00034730",1998-06-06,239
"1253","RSM00034730",1998-06-07,247
"1254","RSM00034730",1998-06-08,236
"1255","RSM00034730",1998-06-09,249
"1256","RSM00034730",1998-06-10,253
"1257","RSM00034730",1998-06-11,245
"1258","RSM00034730",1998-06-12,253
"1259","RSM00034730",1998-06-13,273
"1260","RSM00034730",1998-06-14,273
"1261","RSM00034730",1998-06-15,258
"1262","RSM00034730",1998-06-16,230
"1263","RSM00034730",1998-06-17,253
"1264","RSM00034730",1998-06-18,289
"1265","RSM00034730",1998-06-19,271
"1266","RSM00034730",1998-06-20,262
"1267","RSM00034730",1998-06-21,253
"1268","RSM00034730",1998-06-22,205
"1269","RSM00034730",1998-06-23,181
"1270","RSM00034730",1998-06-24,218
"1271","RSM00034730",1998-06-25,197
"1272","RSM00034730",1998-06-26,202
"1273","RSM00034730",1998-06-27,199
"1274","RSM00034730",1998-06-28,192
"1275","RSM00034730",1998-06-29,215
"1276","RSM00034730",1998-06-30,224
"1277","RSM00034730",1998-07-01,240
"1278","RSM00034730",1998-07-02,234
"1279","RSM00034730",1998-07-03,225
"1280","RSM00034730",1998-07-04,200
"1281","RSM00034730",1998-07-05,203
"1282","RSM00034730",1998-07-06,216
"1283","RSM00034730",1998-07-07,203
"1284","RSM00034730",1998-07-08,211
"1285","RSM00034730",1998-07-09,232
"1286","RSM00034730",1998-07-10,239
"1287","RSM00034730",1998-07-11,187
"1288","RSM00034730",1998-07-12,205
"1289","RSM00034730",1998-07-13,208
"1290","RSM00034730",1998-07-14,212
"1291","RSM00034730",1998-07-15,231
"1292","RSM00034730",1998-07-16,262
"1293","RSM00034730",1998-07-17,265
"1294","RSM00034730",1998-07-18,232
"1295","RSM00034730",1998-07-19,222
"1296","RSM00034730",1998-07-20,239
"1297","RSM00034730",1998-07-21,249
"1298","RSM00034730",1998-07-22,271
"1299","RSM00034730",1998-07-23,269
"1300","RSM00034730",1998-07-24,282
"1301","RSM00034730",1998-07-25,287
"1302","RSM00034730",1998-07-26,288
"1303","RSM00034730",1998-07-27,295
"1304","RSM00034730",1998-07-28,297
"1305","RSM00034730",1998-07-29,310
"1306","RSM00034730",1998-07-30,311
"1307","RSM00034730",1998-07-31,316
"1308","RSM00034730",1998-08-01,289
"1309","RSM00034730",1998-08-02,297
"1310","RSM00034730",1998-08-03,307
"1311","RSM00034730",1998-08-04,297
"1312","RSM00034730",1998-08-05,293
"1313","RSM00034730",1998-08-06,297
"1314","RSM00034730",1998-08-07,232
"1315","RSM00034730",1998-08-08,207
"1316","RSM00034730",1998-08-09,220
"1317","RSM00034730",1998-08-10,206
"1318","RSM00034730",1998-08-11,186
"1319","RSM00034730",1998-08-12,181
"1320","RSM00034730",1998-08-13,182
"1321","RSM00034730",1998-08-14,169
"1322","RSM00034730",1998-08-15,192
"1323","RSM00034730",1998-08-16,206
"1324","RSM00034730",1998-08-17,205
"1325","RSM00034730",1998-08-18,206
"1326","RSM00034730",1998-08-19,223
"1327","RSM00034730",1998-08-20,246
"1328","RSM00034730",1998-08-21,240
"1329","RSM00034730",1998-08-22,261
"1330","RSM00034730",1998-08-23,251
"1331","RSM00034730",1998-08-24,206
"1332","RSM00034730",1998-08-25,191
"1333","RSM00034730",1998-08-26,203
"1334","RSM00034730",1998-08-27,172
"1335","RSM00034730",1998-08-28,205
"1336","RSM00034730",1998-08-29,257
"1337","RSM00034730",1998-08-30,227
"1338","RSM00034730",1998-08-31,190
"1339","RSM00034730",1998-09-01,175
"1340","RSM00034730",1998-09-02,149
"1341","RSM00034730",1998-09-03,126
"1342","RSM00034730",1998-09-04,113
"1343","RSM00034730",1998-09-05,117
"1344","RSM00034730",1998-09-06,129
"1345","RSM00034730",1998-09-07,120
"1346","RSM00034730",1998-09-08,149
"1347","RSM00034730",1998-09-09,175
"1348","RSM00034730",1998-09-10,158
"1349","RSM00034730",1998-09-11,188
"1350","RSM00034730",1998-09-12,189
"1351","RSM00034730",1998-09-13,202
"1352","RSM00034730",1998-09-14,211
"1353","RSM00034730",1998-09-15,227
"1354","RSM00034730",1998-09-16,220
"1355","RSM00034730",1998-09-17,163
"1356","RSM00034730",1998-09-18,174
"1357","RSM00034730",1998-09-19,216
"1358","RSM00034730",1998-09-20,212
"1359","RSM00034730",1998-09-21,205
"1360","RSM00034730",1998-09-22,215
"1361","RSM00034730",1998-09-23,192
"1362","RSM00034730",1998-09-24,161
"1363","RSM00034730",1998-09-25,117
"1364","RSM00034730",1998-09-26,141
"1365","RSM00034730",1998-09-27,143
"1366","RSM00034730",1998-09-28,176
"1367","RSM00034730",1998-09-29,175
"1368","RSM00034730",1998-09-30,184
"1369","RSM00034730",1998-10-01,185
"1370","RSM00034730",1998-10-02,86
"1371","RSM00034730",1998-10-03,40
"1372","RSM00034730",1998-10-04,53
"1373","RSM00034730",1998-10-05,69
"1374","RSM00034730",1998-10-06,106
"1375","RSM00034730",1998-10-07,66
"1376","RSM00034730",1998-10-08,30
"1377","RSM00034730",1998-10-09,42
"1378","RSM00034730",1998-10-10,83
"1379","RSM00034730",1998-10-11,133
"1380","RSM00034730",1998-10-12,153
"1381","RSM00034730",1998-10-13,183
"1382","RSM00034730",1998-10-14,183
"1383","RSM00034730",1998-10-15,173
"1384","RSM00034730",1998-10-16,144
"1385","RSM00034730",1998-10-17,108
"1386","RSM00034730",1998-10-18,85
"1387","RSM00034730",1998-10-19,105
"1388","RSM00034730",1998-10-20,108
"1389","RSM00034730",1998-10-21,147
"1390","RSM00034730",1998-10-22,64
"1391","RSM00034730",1998-10-23,47
"1392","RSM00034730",1998-10-24,69
"1393","RSM00034730",1998-10-25,64
"1394","RSM00034730",1998-10-26,106
"1395","RSM00034730",1998-10-27,125
"1396","RSM00034730",1998-10-28,114
"1397","RSM00034730",1998-10-29,77
"1398","RSM00034730",1998-10-30,135
"1399","RSM00034730",1998-10-31,83
"1400","RSM00034730",1998-11-01,71
"1401","RSM00034730",1998-11-02,54
"1402","RSM00034730",1998-11-03,88
"1403","RSM00034730",1998-11-04,92
"1404","RSM00034730",1998-11-05,153
"1405","RSM00034730",1998-11-06,126
"1406","RSM00034730",1998-11-07,47
"1407","RSM00034730",1998-11-08,49
"1408","RSM00034730",1998-11-09,9
"1409","RSM00034730",1998-11-10,-2
"1410","RSM00034730",1998-11-11,-18
"1411","RSM00034730",1998-11-12,-31
"1412","RSM00034730",1998-11-13,-11
"1413","RSM00034730",1998-11-14,63
"1414","RSM00034730",1998-11-15,30
"1415","RSM00034730",1998-11-16,50
"1416","RSM00034730",1998-11-17,74
"1417","RSM00034730",1998-11-18,23
"1418","RSM00034730",1998-11-19,-27
"1419","RSM00034730",1998-11-20,-44
"1420","RSM00034730",1998-11-21,-34
"1421","RSM00034730",1998-11-22,-62
"1422","RSM00034730",1998-11-23,-89
"1423","RSM00034730",1998-11-24,-77
"1424","RSM00034730",1998-11-25,-16
"1425","RSM00034730",1998-11-26,9
"1426","RSM00034730",1998-11-27,-25
"1427","RSM00034730",1998-11-28,-59
"1428","RSM00034730",1998-11-29,-109
"1429","RSM00034730",1998-11-30,-119
"1430","RSM00034730",1998-12-01,-123
"1431","RSM00034730",1998-12-02,-123
"1432","RSM00034730",1998-12-03,-105
"1433","RSM00034730",1998-12-04,-57
"1434","RSM00034730",1998-12-05,-8
"1435","RSM00034730",1998-12-06,51
"1436","RSM00034730",1998-12-07,55
"1437","RSM00034730",1998-12-08,16
"1438","RSM00034730",1998-12-09,6
"1439","RSM00034730",1998-12-10,6
"1440","RSM00034730",1998-12-11,-14
"1441","RSM00034730",1998-12-12,-33
"1442","RSM00034730",1998-12-13,-26
"1443","RSM00034730",1998-12-14,-15
"1444","RSM00034730",1998-12-15,5
"1445","RSM00034730",1998-12-16,8
"1446","RSM00034730",1998-12-17,17
"1447","RSM00034730",1998-12-18,-9
"1448","RSM00034730",1998-12-19,-3
"1449","RSM00034730",1998-12-20,20
"1450","RSM00034730",1998-12-21,17
"1451","RSM00034730",1998-12-22,53
"1452","RSM00034730",1998-12-23,-21
"1453","RSM00034730",1998-12-24,-112
"1454","RSM00034730",1998-12-25,-100
"1455","RSM00034730",1998-12-26,-54
"1456","RSM00034730",1998-12-27,-70
"1457","RSM00034730",1998-12-28,-4
"1458","RSM00034730",1998-12-29,17
"1459","RSM00034730",1998-12-30,-11
"1460","RSM00034730",1998-12-31,-8
"1461","RSM00034730",1997-01-01,-66
"1462","RSM00034730",1997-01-02,-97
"1463","RSM00034730",1997-01-03,-137
"1464","RSM00034730",1997-01-04,-184
"1465","RSM00034730",1997-01-05,-140
"1466","RSM00034730",1997-01-06,-63
"1467","RSM00034730",1997-01-07,-111
"1468","RSM00034730",1997-01-08,-157
"1469","RSM00034730",1997-01-09,-141
"1470","RSM00034730",1997-01-10,-76
"1471","RSM00034730",1997-01-11,-37
"1472","RSM00034730",1997-01-12,-108
"1473","RSM00034730",1997-01-13,-114
"1474","RSM00034730",1997-01-14,-126
"1475","RSM00034730",1997-01-15,-20
"1476","RSM00034730",1997-01-16,-25
"1477","RSM00034730",1997-01-17,4
"1478","RSM00034730",1997-01-18,-26
"1479","RSM00034730",1997-01-19,-1
"1480","RSM00034730",1997-01-20,-2
"1481","RSM00034730",1997-01-21,-20
"1482","RSM00034730",1997-01-22,-8
"1483","RSM00034730",1997-01-23,-25
"1484","RSM00034730",1997-01-24,5
"1485","RSM00034730",1997-01-25,0
"1486","RSM00034730",1997-01-26,-71
"1487","RSM00034730",1997-01-27,-109
"1488","RSM00034730",1997-01-28,-96
"1489","RSM00034730",1997-01-29,-37
"1490","RSM00034730",1997-01-30,-102
"1491","RSM00034730",1997-01-31,-115
"1492","RSM00034730",1997-02-01,-23
"1493","RSM00034730",1997-02-02,-65
"1494","RSM00034730",1997-02-03,-140
"1495","RSM00034730",1997-02-04,-131
"1496","RSM00034730",1997-02-05,-148
"1497","RSM00034730",1997-02-06,-118
"1498","RSM00034730",1997-02-07,-24
"1499","RSM00034730",1997-02-08,-48
"1500","RSM00034730",1997-02-09,-3
"1501","RSM00034730",1997-02-10,-2
"1502","RSM00034730",1997-02-11,4
"1503","RSM00034730",1997-02-12,16
"1504","RSM00034730",1997-02-13,12
"1505","RSM00034730",1997-02-14,39
"1506","RSM00034730",1997-02-15,39
"1507","RSM00034730",1997-02-16,30
"1508","RSM00034730",1997-02-17,8
"1509","RSM00034730",1997-02-18,-77
"1510","RSM00034730",1997-02-19,-105
"1511","RSM00034730",1997-02-20,-141
"1512","RSM00034730",1997-02-21,-95
"1513","RSM00034730",1997-02-22,-35
"1514","RSM00034730",1997-02-23,-5
"1515","RSM00034730",1997-02-24,-16
"1516","RSM00034730",1997-02-25,-15
"1517","RSM00034730",1997-02-26,-22
"1518","RSM00034730",1997-02-27,-2
"1519","RSM00034730",1997-02-28,25
"1520","RSM00034730",1997-03-01,16
"1521","RSM00034730",1997-03-02,5
"1522","RSM00034730",1997-03-03,25
"1523","RSM00034730",1997-03-04,37
"1524","RSM00034730",1997-03-05,15
"1525","RSM00034730",1997-03-06,2
"1526","RSM00034730",1997-03-07,2
"1527","RSM00034730",1997-03-08,-7
"1528","RSM00034730",1997-03-09,9
"1529","RSM00034730",1997-03-10,9
"1530","RSM00034730",1997-03-11,32
"1531","RSM00034730",1997-03-12,38
"1532","RSM00034730",1997-03-13,48
"1533","RSM00034730",1997-03-14,34
"1534","RSM00034730",1997-03-15,35
"1535","RSM00034730",1997-03-16,49
"1536","RSM00034730",1997-03-17,26
"1537","RSM00034730",1997-03-18,-35
"1538","RSM00034730",1997-03-19,-27
"1539","RSM00034730",1997-03-20,-8
"1540","RSM00034730",1997-03-21,18
"1541","RSM00034730",1997-03-22,-29
"1542","RSM00034730",1997-03-23,-9
"1543","RSM00034730",1997-03-24,-5
"1544","RSM00034730",1997-03-25,7
"1545","RSM00034730",1997-03-26,0
"1546","RSM00034730",1997-03-27,-29
"1547","RSM00034730",1997-03-28,-19
"1548","RSM00034730",1997-03-29,31
"1549","RSM00034730",1997-03-30,52
"1550","RSM00034730",1997-03-31,98
"1551","RSM00034730",1997-04-01,101
"1552","RSM00034730",1997-04-02,133
"1553","RSM00034730",1997-04-03,135
"1554","RSM00034730",1997-04-04,110
"1555","RSM00034730",1997-04-05,98
"1556","RSM00034730",1997-04-06,83
"1557","RSM00034730",1997-04-07,62
"1558","RSM00034730",1997-04-08,68
"1559","RSM00034730",1997-04-09,36
"1560","RSM00034730",1997-04-10,15
"1561","RSM00034730",1997-04-11,22
"1562","RSM00034730",1997-04-12,52
"1563","RSM00034730",1997-04-13,47
"1564","RSM00034730",1997-04-14,81
"1565","RSM00034730",1997-04-15,82
"1566","RSM00034730",1997-04-16,61
"1567","RSM00034730",1997-04-17,95
"1568","RSM00034730",1997-04-18,90
"1569","RSM00034730",1997-04-19,57
"1570","RSM00034730",1997-04-20,90
"1571","RSM00034730",1997-04-21,94
"1572","RSM00034730",1997-04-22,100
"1573","RSM00034730",1997-04-23,116
"1574","RSM00034730",1997-04-24,120
"1575","RSM00034730",1997-04-25,85
"1576","RSM00034730",1997-04-26,85
"1577","RSM00034730",1997-04-27,97
"1578","RSM00034730",1997-04-28,115
"1579","RSM00034730",1997-04-29,103
"1580","RSM00034730",1997-04-30,113
"1581","RSM00034730",1997-05-01,158
"1582","RSM00034730",1997-05-02,176
"1583","RSM00034730",1997-05-03,152
"1584","RSM00034730",1997-05-04,132
"1585","RSM00034730",1997-05-05,102
"1586","RSM00034730",1997-05-06,152
"1587","RSM00034730",1997-05-07,193
"1588","RSM00034730",1997-05-08,190
"1589","RSM00034730",1997-05-09,208
"1590","RSM00034730",1997-05-10,227
"1591","RSM00034730",1997-05-11,233
"1592","RSM00034730",1997-05-12,205
"1593","RSM00034730",1997-05-13,197
"1594","RSM00034730",1997-05-14,195
"1595","RSM00034730",1997-05-15,203
"1596","RSM00034730",1997-05-16,214
"1597","RSM00034730",1997-05-17,220
"1598","RSM00034730",1997-05-18,172
"1599","RSM00034730",1997-05-19,163
"1600","RSM00034730",1997-05-20,179
"1601","RSM00034730",1997-05-21,192
"1602","RSM00034730",1997-05-22,206
"1603","RSM00034730",1997-05-23,214
"1604","RSM00034730",1997-05-24,224
"1605","RSM00034730",1997-05-25,196
"1606","RSM00034730",1997-05-26,147
"1607","RSM00034730",1997-05-27,127
"1608","RSM00034730",1997-05-28,131
"1609","RSM00034730",1997-05-29,113
"1610","RSM00034730",1997-05-30,128
"1611","RSM00034730",1997-05-31,155
"1612","RSM00034730",1997-06-01,149
"1613","RSM00034730",1997-06-02,157
"1614","RSM00034730",1997-06-03,169
"1615","RSM00034730",1997-06-04,172
"1616","RSM00034730",1997-06-05,186
"1617","RSM00034730",1997-06-06,179
"1618","RSM00034730",1997-06-07,188
"1619","RSM00034730",1997-06-08,215
"1620","RSM00034730",1997-06-09,241
"1621","RSM00034730",1997-06-10,245
"1622","RSM00034730",1997-06-11,242
"1623","RSM00034730",1997-06-12,251
"1624","RSM00034730",1997-06-13,219
"1625","RSM00034730",1997-06-14,223
"1626","RSM00034730",1997-06-15,220
"1627","RSM00034730",1997-06-16,207
"1628","RSM00034730",1997-06-17,219
"1629","RSM00034730",1997-06-18,205
"1630","RSM00034730",1997-06-19,188
"1631","RSM00034730",1997-06-20,170
"1632","RSM00034730",1997-06-21,170
"1633","RSM00034730",1997-06-22,193
"1634","RSM00034730",1997-06-23,204
"1635","RSM00034730",1997-06-24,217
"1636","RSM00034730",1997-06-25,236
"1637","RSM00034730",1997-06-26,239
"1638","RSM00034730",1997-06-27,255
"1639","RSM00034730",1997-06-28,270
"1640","RSM00034730",1997-06-29,266
"1641","RSM00034730",1997-06-30,269
"1642","RSM00034730",1997-07-01,239
"1643","RSM00034730",1997-07-02,248
"1644","RSM00034730",1997-07-03,240
"1645","RSM00034730",1997-07-04,237
"1646","RSM00034730",1997-07-05,229
"1647","RSM00034730",1997-07-06,233
"1648","RSM00034730",1997-07-07,228
"1649","RSM00034730",1997-07-08,233
"1650","RSM00034730",1997-07-09,248
"1651","RSM00034730",1997-07-10,210
"1652","RSM00034730",1997-07-11,211
"1653","RSM00034730",1997-07-12,212
"1654","RSM00034730",1997-07-13,209
"1655","RSM00034730",1997-07-14,204
"1656","RSM00034730",1997-07-15,202
"1657","RSM00034730",1997-07-16,181
"1658","RSM00034730",1997-07-17,189
"1659","RSM00034730",1997-07-18,188
"1660","RSM00034730",1997-07-19,193
"1661","RSM00034730",1997-07-20,214
"1662","RSM00034730",1997-07-21,218
"1663","RSM00034730",1997-07-22,207
"1664","RSM00034730",1997-07-23,197
"1665","RSM00034730",1997-07-24,191
"1666","RSM00034730",1997-07-25,189
"1667","RSM00034730",1997-07-26,200
"1668","RSM00034730",1997-07-27,221
"1669","RSM00034730",1997-07-28,253
"1670","RSM00034730",1997-07-29,240
"1671","RSM00034730",1997-07-30,209
"1672","RSM00034730",1997-07-31,219
"1673","RSM00034730",1997-08-01,236
"1674","RSM00034730",1997-08-02,226
"1675","RSM00034730",1997-08-03,217
"1676","RSM00034730",1997-08-04,215
"1677","RSM00034730",1997-08-05,213
"1678","RSM00034730",1997-08-06,217
"1679","RSM00034730",1997-08-07,210
"1680","RSM00034730",1997-08-08,217
"1681","RSM00034730",1997-08-09,192
"1682","RSM00034730",1997-08-10,207
"1683","RSM00034730",1997-08-11,209
"1684","RSM00034730",1997-08-12,197
"1685","RSM00034730",1997-08-13,188
"1686","RSM00034730",1997-08-14,203
"1687","RSM00034730",1997-08-15,192
"1688","RSM00034730",1997-08-16,205
"1689","RSM00034730",1997-08-17,174
"1690","RSM00034730",1997-08-18,156
"1691","RSM00034730",1997-08-19,159
"1692","RSM00034730",1997-08-20,168
"1693","RSM00034730",1997-08-21,182
"1694","RSM00034730",1997-08-22,204
"1695","RSM00034730",1997-08-23,210
"1696","RSM00034730",1997-08-24,234
"1697","RSM00034730",1997-08-25,240
"1698","RSM00034730",1997-08-26,230
"1699","RSM00034730",1997-08-27,196
"1700","RSM00034730",1997-08-28,204
"1701","RSM00034730",1997-08-29,218
"1702","RSM00034730",1997-08-30,218
"1703","RSM00034730",1997-08-31,222
"1704","RSM00034730",1997-09-01,158
"1705","RSM00034730",1997-09-02,122
"1706","RSM00034730",1997-09-03,97
"1707","RSM00034730",1997-09-04,83
"1708","RSM00034730",1997-09-05,100
"1709","RSM00034730",1997-09-06,108
"1710","RSM00034730",1997-09-07,133
"1711","RSM00034730",1997-09-08,139
"1712","RSM00034730",1997-09-09,147
"1713","RSM00034730",1997-09-10,165
"1714","RSM00034730",1997-09-11,133
"1715","RSM00034730",1997-09-12,123
"1716","RSM00034730",1997-09-13,140
"1717","RSM00034730",1997-09-14,147
"1718","RSM00034730",1997-09-15,174
"1719","RSM00034730",1997-09-16,162
"1720","RSM00034730",1997-09-17,139
"1721","RSM00034730",1997-09-18,131
"1722","RSM00034730",1997-09-19,142
"1723","RSM00034730",1997-09-20,165
"1724","RSM00034730",1997-09-21,140
"1725","RSM00034730",1997-09-22,111
"1726","RSM00034730",1997-09-23,114
"1727","RSM00034730",1997-09-24,118
"1728","RSM00034730",1997-09-25,94
"1729","RSM00034730",1997-09-26,61
"1730","RSM00034730",1997-09-27,102
"1731","RSM00034730",1997-09-28,125
"1732","RSM00034730",1997-09-29,102
"1733","RSM00034730",1997-09-30,93
"1734","RSM00034730",1997-10-01,107
"1735","RSM00034730",1997-10-02,101
"1736","RSM00034730",1997-10-03,100
"1737","RSM00034730",1997-10-04,111
"1738","RSM00034730",1997-10-05,91
"1739","RSM00034730",1997-10-06,109
"1740","RSM00034730",1997-10-07,96
"1741","RSM00034730",1997-10-08,126
"1742","RSM00034730",1997-10-09,154
"1743","RSM00034730",1997-10-10,152
"1744","RSM00034730",1997-10-11,180
"1745","RSM00034730",1997-10-12,172
"1746","RSM00034730",1997-10-13,179
"1747","RSM00034730",1997-10-14,161
"1748","RSM00034730",1997-10-15,148
"1749","RSM00034730",1997-10-16,176
"1750","RSM00034730",1997-10-17,122
"1751","RSM00034730",1997-10-18,81
"1752","RSM00034730",1997-10-19,62
"1753","RSM00034730",1997-10-20,68
"1754","RSM00034730",1997-10-21,97
"1755","RSM00034730",1997-10-22,95
"1756","RSM00034730",1997-10-23,61
"1757","RSM00034730",1997-10-24,90
"1758","RSM00034730",1997-10-25,102
"1759","RSM00034730",1997-10-26,21
"1760","RSM00034730",1997-10-27,6
"1761","RSM00034730",1997-10-28,13
"1762","RSM00034730",1997-10-29,3
"1763","RSM00034730",1997-10-30,-8
"1764","RSM00034730",1997-10-31,4
"1765","RSM00034730",1997-11-01,18
"1766","RSM00034730",1997-11-02,21
"1767","RSM00034730",1997-11-03,29
"1768","RSM00034730",1997-11-04,57
"1769","RSM00034730",1997-11-05,-18
"1770","RSM00034730",1997-11-06,-33
"1771","RSM00034730",1997-11-07,-18
"1772","RSM00034730",1997-11-08,31
"1773","RSM00034730",1997-11-09,56
"1774","RSM00034730",1997-11-10,58
"1775","RSM00034730",1997-11-11,23
"1776","RSM00034730",1997-11-12,43
"1777","RSM00034730",1997-11-13,40
"1778","RSM00034730",1997-11-14,42
"1779","RSM00034730",1997-11-15,25
"1780","RSM00034730",1997-11-16,18
"1781","RSM00034730",1997-11-17,2
"1782","RSM00034730",1997-11-18,23
"1783","RSM00034730",1997-11-19,35
"1784","RSM00034730",1997-11-20,40
"1785","RSM00034730",1997-11-21,36
"1786","RSM00034730",1997-11-22,49
"1787","RSM00034730",1997-11-23,26
"1788","RSM00034730",1997-11-24,20
"1789","RSM00034730",1997-11-25,-2
"1790","RSM00034730",1997-11-26,16
"1791","RSM00034730",1997-11-27,22
"1792","RSM00034730",1997-11-28,25
"1793","RSM00034730",1997-11-29,-12
"1794","RSM00034730",1997-11-30,-28
"1795","RSM00034730",1997-12-01,-18
"1796","RSM00034730",1997-12-02,-21
"1797","RSM00034730",1997-12-03,-12
"1798","RSM00034730",1997-12-04,8
"1799","RSM00034730",1997-12-05,55
"1800","RSM00034730",1997-12-06,29
"1801","RSM00034730",1997-12-07,-2
"1802","RSM00034730",1997-12-08,-13
"1803","RSM00034730",1997-12-09,-27
"1804","RSM00034730",1997-12-10,-33
"1805","RSM00034730",1997-12-11,-11
"1806","RSM00034730",1997-12-12,17
"1807","RSM00034730",1997-12-13,-70
"1808","RSM00034730",1997-12-14,-34
"1809","RSM00034730",1997-12-15,-100
"1810","RSM00034730",1997-12-16,-236
"1811","RSM00034730",1997-12-17,-208
"1812","RSM00034730",1997-12-18,-154
"1813","RSM00034730",1997-12-19,-59
"1814","RSM00034730",1997-12-20,-27
"1815","RSM00034730",1997-12-21,10
"1816","RSM00034730",1997-12-22,-58
"1817","RSM00034730",1997-12-23,-86
"1818","RSM00034730",1997-12-24,-49
"1819","RSM00034730",1997-12-25,-26
"1820","RSM00034730",1997-12-26,-8
"1821","RSM00034730",1997-12-27,39
"1822","RSM00034730",1997-12-28,34
"1823","RSM00034730",1997-12-29,24
"1824","RSM00034730",1997-12-30,-1
"1825","RSM00034730",1997-12-31,7
"1826","RSM00034730",1998-01-01,0
"1827","RSM00034730",1998-01-02,-1
"1828","RSM00034730",1998-01-03,-8
"1829","RSM00034730",1998-01-04,-5
"1830","RSM00034730",1998-01-05,-29
"1831","RSM00034730",1998-01-06,-8
"1832","RSM00034730",1998-01-07,7
"1833","RSM00034730",1998-01-08,7
"1834","RSM00034730",1998-01-09,23
"1835","RSM00034730",1998-01-10,9
"1836","RSM00034730",1998-01-11,-17
"1837","RSM00034730",1998-01-12,-9
"1838","RSM00034730",1998-01-13,11
"1839","RSM00034730",1998-01-14,0
"1840","RSM00034730",1998-01-15,-85
"1841","RSM00034730",1998-01-16,-87
"1842","RSM00034730",1998-01-17,-79
"1843","RSM00034730",1998-01-18,-96
"1844","RSM00034730",1998-01-19,-83
"1845","RSM00034730",1998-01-20,-83
"1846","RSM00034730",1998-01-21,-68
"1847","RSM00034730",1998-01-22,-116
"1848","RSM00034730",1998-01-23,-142
"1849","RSM00034730",1998-01-24,-105
"1850","RSM00034730",1998-01-25,-93
"1851","RSM00034730",1998-01-26,-85
"1852","RSM00034730",1998-01-27,-98
"1853","RSM00034730",1998-01-28,-58
"1854","RSM00034730",1998-01-29,-42
"1855","RSM00034730",1998-01-30,-29
"1856","RSM00034730",1998-01-31,-53
"1857","RSM00034730",1998-02-01,-17
"1858","RSM00034730",1998-02-02,-99
"1859","RSM00034730",1998-02-03,-117
"1860","RSM00034730",1998-02-04,-17
"1861","RSM00034730",1998-02-05,-39
"1862","RSM00034730",1998-02-06,-29
"1863","RSM00034730",1998-02-07,-15
"1864","RSM00034730",1998-02-08,-70
"1865","RSM00034730",1998-02-09,-110
"1866","RSM00034730",1998-02-10,-63
"1867","RSM00034730",1998-02-11,-8
"1868","RSM00034730",1998-02-12,16
"1869","RSM00034730",1998-02-13,15
"1870","RSM00034730",1998-02-14,-84
"1871","RSM00034730",1998-02-15,-46
"1872","RSM00034730",1998-02-16,-157
"1873","RSM00034730",1998-02-17,-29
"1874","RSM00034730",1998-02-18,-60
"1875","RSM00034730",1998-02-19,-75
"1876","RSM00034730",1998-02-20,17
"1877","RSM00034730",1998-02-21,26
"1878","RSM00034730",1998-02-22,22
"1879","RSM00034730",1998-02-23,21
"1880","RSM00034730",1998-02-24,0
"1881","RSM00034730",1998-02-25,7
"1882","RSM00034730",1998-02-26,-46
"1883","RSM00034730",1998-02-27,-47
"1884","RSM00034730",1998-02-28,19
"1885","RSM00034730",1998-03-01,30
"1886","RSM00034730",1998-03-02,10
"1887","RSM00034730",1998-03-03,12
"1888","RSM00034730",1998-03-04,27
"1889","RSM00034730",1998-03-05,43
"1890","RSM00034730",1998-03-06,70
"1891","RSM00034730",1998-03-07,37
"1892","RSM00034730",1998-03-08,9
"1893","RSM00034730",1998-03-09,71
"1894","RSM00034730",1998-03-10,48
"1895","RSM00034730",1998-03-11,53
"1896","RSM00034730",1998-03-12,44
"1897","RSM00034730",1998-03-13,15
"1898","RSM00034730",1998-03-14,-4
"1899","RSM00034730",1998-03-15,29
"1900","RSM00034730",1998-03-16,21
"1901","RSM00034730",1998-03-17,-1
"1902","RSM00034730",1998-03-18,-34
"1903","RSM00034730",1998-03-19,-38
"1904","RSM00034730",1998-03-20,-21
"1905","RSM00034730",1998-03-21,9
"1906","RSM00034730",1998-03-22,-11
"1907","RSM00034730",1998-03-23,-6
"1908","RSM00034730",1998-03-24,-6
"1909","RSM00034730",1998-03-25,-3
"1910","RSM00034730",1998-03-26,10
"1911","RSM00034730",1998-03-27,5
"1912","RSM00034730",1998-03-28,21
"1913","RSM00034730",1998-03-29,36
"1914","RSM00034730",1998-03-30,38
"1915","RSM00034730",1998-03-31,45
"1916","RSM00034730",1998-04-01,66
"1917","RSM00034730",1998-04-02,79
"1918","RSM00034730",1998-04-03,99
"1919","RSM00034730",1998-04-04,94
"1920","RSM00034730",1998-04-05,118
"1921","RSM00034730",1998-04-06,134
"1922","RSM00034730",1998-04-07,162
"1923","RSM00034730",1998-04-08,145
"1924","RSM00034730",1998-04-09,156
"1925","RSM00034730",1998-04-10,186
"1926","RSM00034730",1998-04-11,107
"1927","RSM00034730",1998-04-12,170
"1928","RSM00034730",1998-04-13,182
"1929","RSM00034730",1998-04-14,149
"1930","RSM00034730",1998-04-15,131
"1931","RSM00034730",1998-04-16,107
"1932","RSM00034730",1998-04-17,73
"1933","RSM00034730",1998-04-18,88
"1934","RSM00034730",1998-04-19,123
"1935","RSM00034730",1998-04-20,104
"1936","RSM00034730",1998-04-21,60
"1937","RSM00034730",1998-04-22,45
"1938","RSM00034730",1998-04-23,75
"1939","RSM00034730",1998-04-24,116
"1940","RSM00034730",1998-04-25,137
"1941","RSM00034730",1998-04-26,149
"1942","RSM00034730",1998-04-27,125
"1943","RSM00034730",1998-04-28,129
"1944","RSM00034730",1998-04-29,138
"1945","RSM00034730",1998-04-30,135
"1946","RSM00034730",1998-05-01,161
"1947","RSM00034730",1998-05-02,146
"1948","RSM00034730",1998-05-03,146
"1949","RSM00034730",1998-05-04,168
"1950","RSM00034730",1998-05-05,191
"1951","RSM00034730",1998-05-06,183
"1952","RSM00034730",1998-05-07,168
"1953","RSM00034730",1998-05-08,171
"1954","RSM00034730",1998-05-09,178
"1955","RSM00034730",1998-05-10,187
"1956","RSM00034730",1998-05-11,188
"1957","RSM00034730",1998-05-12,158
"1958","RSM00034730",1998-05-13,147
"1959","RSM00034730",1998-05-14,141
"1960","RSM00034730",1998-05-15,140
"1961","RSM00034730",1998-05-16,145
"1962","RSM00034730",1998-05-17,169
"1963","RSM00034730",1998-05-18,190
"1964","RSM00034730",1998-05-19,170
"1965","RSM00034730",1998-05-20,156
"1966","RSM00034730",1998-05-21,151
"1967","RSM00034730",1998-05-22,159
"1968","RSM00034730",1998-05-23,161
"1969","RSM00034730",1998-05-24,144
"1970","RSM00034730",1998-05-25,145
"1971","RSM00034730",1998-05-26,174
"1972","RSM00034730",1998-05-27,216
"1973","RSM00034730",1998-05-28,221
"1974","RSM00034730",1998-05-29,201
"1975","RSM00034730",1998-05-30,198
"1976","RSM00034730",1998-05-31,195
"1977","RSM00034730",1998-06-01,188
"1978","RSM00034730",1998-06-02,180
"1979","RSM00034730",1998-06-03,192
"1980","RSM00034730",1998-06-04,209
"1981","RSM00034730",1998-06-05,224
"1982","RSM00034730",1998-06-06,239
"1983","RSM00034730",1998-06-07,247
"1984","RSM00034730",1998-06-08,236
"1985","RSM00034730",1998-06-09,249
"1986","RSM00034730",1998-06-10,253
"1987","RSM00034730",1998-06-11,245
"1988","RSM00034730",1998-06-12,253
"1989","RSM00034730",1998-06-13,273
"1990","RSM00034730",1998-06-14,273
"1991","RSM00034730",1998-06-15,258
"1992","RSM00034730",1998-06-16,230
"1993","RSM00034730",1998-06-17,253
"1994","RSM00034730",1998-06-18,289
"1995","RSM00034730",1998-06-19,271
"1996","RSM00034730",1998-06-20,262
"1997","RSM00034730",1998-06-21,253
"1998","RSM00034730",1998-06-22,205
"1999","RSM00034730",1998-06-23,181
"2000","RSM00034730",1998-06-24,218
"2001","RSM00034730",1998-06-25,197
"2002","RSM00034730",1998-06-26,202
"2003","RSM00034730",1998-06-27,199
"2004","RSM00034730",1998-06-28,192
"2005","RSM00034730",1998-06-29,215
"2006","RSM00034730",1998-06-30,224
"2007","RSM00034730",1998-07-01,240
"2008","RSM00034730",1998-07-02,234
"2009","RSM00034730",1998-07-03,225
"2010","RSM00034730",1998-07-04,200
"2011","RSM00034730",1998-07-05,203
"2012","RSM00034730",1998-07-06,216
"2013","RSM00034730",1998-07-07,203
"2014","RSM00034730",1998-07-08,211
"2015","RSM00034730",1998-07-09,232
"2016","RSM00034730",1998-07-10,239
"2017","RSM00034730",1998-07-11,187
"2018","RSM00034730",1998-07-12,205
"2019","RSM00034730",1998-07-13,208
"2020","RSM00034730",1998-07-14,212
"2021","RSM00034730",1998-07-15,231
"2022","RSM00034730",1998-07-16,262
"2023","RSM00034730",1998-07-17,265
"2024","RSM00034730",1998-07-18,232
"2025","RSM00034730",1998-07-19,222
"2026","RSM00034730",1998-07-20,239
"2027","RSM00034730",1998-07-21,249
"2028","RSM00034730",1998-07-22,271
"2029","RSM00034730",1998-07-23,269
"2030","RSM00034730",1998-07-24,282
"2031","RSM00034730",1998-07-25,287
"2032","RSM00034730",1998-07-26,288
"2033","RSM00034730",1998-07-27,295
"2034","RSM00034730",1998-07-28,297
"2035","RSM00034730",1998-07-29,310
"2036","RSM00034730",1998-07-30,311
"2037","RSM00034730",1998-07-31,316
"2038","RSM00034730",1998-08-01,289
"2039","RSM00034730",1998-08-02,297
"2040","RSM00034730",1998-08-03,307
"2041","RSM00034730",1998-08-04,297
"2042","RSM00034730",1998-08-05,293
"2043","RSM00034730",1998-08-06,297
"2044","RSM00034730",1998-08-07,232
"2045","RSM00034730",1998-08-08,207
"2046","RSM00034730",1998-08-09,220
"2047","RSM00034730",1998-08-10,206
"2048","RSM00034730",1998-08-11,186
"2049","RSM00034730",1998-08-12,181
"2050","RSM00034730",1998-08-13,182
"2051","RSM00034730",1998-08-14,169
"2052","RSM00034730",1998-08-15,192
"2053","RSM00034730",1998-08-16,206
"2054","RSM00034730",1998-08-17,205
"2055","RSM00034730",1998-08-18,206
"2056","RSM00034730",1998-08-19,223
"2057","RSM00034730",1998-08-20,246
"2058","RSM00034730",1998-08-21,240
"2059","RSM00034730",1998-08-22,261
"2060","RSM00034730",1998-08-23,251
"2061","RSM00034730",1998-08-24,206
"2062","RSM00034730",1998-08-25,191
"2063","RSM00034730",1998-08-26,203
"2064","RSM00034730",1998-08-27,172
"2065","RSM00034730",1998-08-28,205
"2066","RSM00034730",1998-08-29,257
"2067","RSM00034730",1998-08-30,227
"2068","RSM00034730",1998-08-31,190
"2069","RSM00034730",1998-09-01,175
"2070","RSM00034730",1998-09-02,149
"2071","RSM00034730",1998-09-03,126
"2072","RSM00034730",1998-09-04,113
"2073","RSM00034730",1998-09-05,117
"2074","RSM00034730",1998-09-06,129
"2075","RSM00034730",1998-09-07,120
"2076","RSM00034730",1998-09-08,149
"2077","RSM00034730",1998-09-09,175
"2078","RSM00034730",1998-09-10,158
"2079","RSM00034730",1998-09-11,188
"2080","RSM00034730",1998-09-12,189
"2081","RSM00034730",1998-09-13,202
"2082","RSM00034730",1998-09-14,211
"2083","RSM00034730",1998-09-15,227
"2084","RSM00034730",1998-09-16,220
"2085","RSM00034730",1998-09-17,163
"2086","RSM00034730",1998-09-18,174
"2087","RSM00034730",1998-09-19,216
"2088","RSM00034730",1998-09-20,212
"2089","RSM00034730",1998-09-21,205
"2090","RSM00034730",1998-09-22,215
"2091","RSM00034730",1998-09-23,192
"2092","RSM00034730",1998-09-24,161
"2093","RSM00034730",1998-09-25,117
"2094","RSM00034730",1998-09-26,141
"2095","RSM00034730",1998-09-27,143
"2096","RSM00034730",1998-09-28,176
"2097","RSM00034730",1998-09-29,175
"2098","RSM00034730",1998-09-30,184
"2099","RSM00034730",1998-10-01,185
"2100","RSM00034730",1998-10-02,86
"2101","RSM00034730",1998-10-03,40
"2102","RSM00034730",1998-10-04,53
"2103","RSM00034730",1998-10-05,69
"2104","RSM00034730",1998-10-06,106
"2105","RSM00034730",1998-10-07,66
"2106","RSM00034730",1998-10-08,30
"2107","RSM00034730",1998-10-09,42
"2108","RSM00034730",1998-10-10,83
"2109","RSM00034730",1998-10-11,133
"2110","RSM00034730",1998-10-12,153
"2111","RSM00034730",1998-10-13,183
"2112","RSM00034730",1998-10-14,183
"2113","RSM00034730",1998-10-15,173
"2114","RSM00034730",1998-10-16,144
"2115","RSM00034730",1998-10-17,108
"2116","RSM00034730",1998-10-18,85
"2117","RSM00034730",1998-10-19,105
"2118","RSM00034730",1998-10-20,108
"2119","RSM00034730",1998-10-21,147
"2120","RSM00034730",1998-10-22,64
"2121","RSM00034730",1998-10-23,47
"2122","RSM00034730",1998-10-24,69
"2123","RSM00034730",1998-10-25,64
"2124","RSM00034730",1998-10-26,106
"2125","RSM00034730",1998-10-27,125
"2126","RSM00034730",1998-10-28,114
"2127","RSM00034730",1998-10-29,77
"2128","RSM00034730",1998-10-30,135
"2129","RSM00034730",1998-10-31,83
"2130","RSM00034730",1998-11-01,71
"2131","RSM00034730",1998-11-02,54
"2132","RSM00034730",1998-11-03,88
"2133","RSM00034730",1998-11-04,92
"2134","RSM00034730",1998-11-05,153
"2135","RSM00034730",1998-11-06,126
"2136","RSM00034730",1998-11-07,47
"2137","RSM00034730",1998-11-08,49
"2138","RSM00034730",1998-11-09,9
"2139","RSM00034730",1998-11-10,-2
"2140","RSM00034730",1998-11-11,-18
"2141","RSM00034730",1998-11-12,-31
"2142","RSM00034730",1998-11-13,-11
"2143","RSM00034730",1998-11-14,63
"2144","RSM00034730",1998-11-15,30
"2145","RSM00034730",1998-11-16,50
"2146","RSM00034730",1998-11-17,74
"2147","RSM00034730",1998-11-18,23
"2148","RSM00034730",1998-11-19,-27
"2149","RSM00034730",1998-11-20,-44
"2150","RSM00034730",1998-11-21,-34
"2151","RSM00034730",1998-11-22,-62
"2152","RSM00034730",1998-11-23,-89
"2153","RSM00034730",1998-11-24,-77
"2154","RSM00034730",1998-11-25,-16
"2155","RSM00034730",1998-11-26,9
"2156","RSM00034730",1998-11-27,-25
"2157","RSM00034730",1998-11-28,-59
"2158","RSM00034730",1998-11-29,-109
"2159","RSM00034730",1998-11-30,-119
"2160","RSM00034730",1998-12-01,-123
"2161","RSM00034730",1998-12-02,-123
"2162","RSM00034730",1998-12-03,-105
"2163","RSM00034730",1998-12-04,-57
"2164","RSM00034730",1998-12-05,-8
"2165","RSM00034730",1998-12-06,51
"2166","RSM00034730",1998-12-07,55
"2167","RSM00034730",1998-12-08,16
"2168","RSM00034730",1998-12-09,6
"2169","RSM00034730",1998-12-10,6
"2170","RSM00034730",1998-12-11,-14
"2171","RSM00034730",1998-12-12,-33
"2172","RSM00034730",1998-12-13,-26
"2173","RSM00034730",1998-12-14,-15
"2174","RSM00034730",1998-12-15,5
"2175","RSM00034730",1998-12-16,8
"2176","RSM00034730",1998-12-17,17
"2177","RSM00034730",1998-12-18,-9
"2178","RSM00034730",1998-12-19,-3
"2179","RSM00034730",1998-12-20,20
"2180","RSM00034730",1998-12-21,17
"2181","RSM00034730",1998-12-22,53
"2182","RSM00034730",1998-12-23,-21
"2183","RSM00034730",1998-12-24,-112
"2184","RSM00034730",1998-12-25,-100
"2185","RSM00034730",1998-12-26,-54
"2186","RSM00034730",1998-12-27,-70
"2187","RSM00034730",1998-12-28,-4
"2188","RSM00034730",1998-12-29,17
"2189","RSM00034730",1998-12-30,-11
"2190","RSM00034730",1998-12-31,-8
